brand,scr_path,pred_brand,manipulation
Orange,apwg451514/2021-07/2021-07-20/2021-07-20-2619.png,Adobe,0
DHL,apwg451514/2021-07/2021-07-29/2021-07-29-5412.png,youtube,Outdated
DHL,apwg451514/2021-07/2021-07-29/2021-07-29-7063.png,youtube,Outdated
DHL,apwg451514/2021-07/2021-07-29/2021-07-29-7615.png,youtube,Outdated
DHL,apwg451514/2021-07/2021-07-16/2021-07-16-11678.png,youtube,Outdated
DHL,apwg451514/2021-07/2021-07-16/2021-07-16-12004.png,youtube,Outdated
DHL,apwg451514/2021-07/2021-07-16/2021-07-16-12311.png,youtube,Outdated
DHL,apwg451514/2021-07/2021-07-15/2021-07-15-20443.png,youtube,Outdated
DHL,apwg451514/2021-07/2021-07-15/2021-07-15-21014.png,youtube,Outdated
TD Bank,apwg451514/2021-08/2021-08-25/2021-08-25-20221.png,TD Bank Group,Outdated
PayPal,apwg451514/2021-08/2021-08-14/2021-08-14-44841.png,Credit du Nord,0
Adobe,apwg451514/2021-09/2021-09-10/2021-09-10-8302.png,Adobe,0
Adobe,apwg451514/2021-09/2021-09-10/2021-09-10-9372.png,Adobe,0
eBay,apwg451514/2021-09/2021-09-22/2021-09-22-12960.png,TD Bank Group,Ratio or Scale
Caisses Desjardins,apwg451514/2021-09/2021-09-23/2021-09-23-19862.png,Bethpage Federal Credit Union,Popup
Orange,apwg451514/2021-09/2021-09-14/2021-09-14-21821.png,DHL,0
Facebook,apwg451514/2021-09/2021-09-13/2021-09-13-27297.png,Office365,BrokenLogo
Caisses Desjardins,apwg451514/2021-09/2021-09-24/2021-09-24-38406.png,Bethpage Federal Credit Union,Popup
Wells Fargo Bank,apwg451514/2021-10/2021-10-26/2021-10-26-331.png,Deutsche Telekom,0
Wells Fargo Bank,apwg451514/2021-10/2021-10-26/2021-10-26-1670.png,Deutsche Telekom,0
Outlook,apwg451514/2021-10/2021-10-16/2021-10-16-7263.png,Outlook,0
Adobe,apwg451514/2021-10/2021-10-13/2021-10-13-23771.png,Adobe,0
Apple,apwg451514/2021-10/2021-10-12/2021-10-12-44833.png,MBNA Corportation,0
Facebook,apwg451514/2021-10/2021-10-19/2021-10-19-56978.png,1&1 Ionos,Color
Apple,apwg451514/2021-10/2021-10-19/2021-10-19-56999.png,UBS AG,0
Wells Fargo Bank,apwg451514/2021-10/2021-10-22/2021-10-22-62430.png,AutoScout24,Deletion
Instagram,apwg451514/2021-10/2021-10-31/2021-10-31-142571.png,Westpac Institutional Banking,0
Facebook,apwg451514/2021-10/2021-10-23/2021-10-23-143823.png,Facebook,Combination
Adobe,apwg451514/2021-10/2021-10-20/2021-10-20-145118.png,Office365,Color
Outlook,apwg451514/2021-10/2021-10-21/2021-10-21-184488.png,Outlook,0
Adobe,apwg451514/2021-10/2021-10-21/2021-10-21-184904.png,Office365,Color
PayPal,apwg451514/2021-11/2021-11-23/2021-11-23-30611.png,Google,Combination
Orange,apwg451514/2021-11/2021-11-02/2021-11-02-32811.png,Adobe,Color
Microsoft Bing,apwg451514/2021-11/2021-11-16/2021-11-16-81192.png,Office365,Outdated
Microsoft Bing,apwg451514/2021-11/2021-11-03/2021-11-03-85864.png,Office365,Outdated
Orange,apwg451514/2021-11/2021-11-10/2021-11-10-102894.png,Adobe,0
Orange,apwg451514/2021-11/2021-11-10/2021-11-10-103899.png,Adobe,0
Microsoft Bing,apwg451514/2021-11/2021-11-25/2021-11-25-106091.png,Office365,Outdated
Microsoft Bing,apwg451514/2021-11/2021-11-25/2021-11-25-107151.png,Office365,Outdated
Orange,apwg451514/2021-11/2021-11-01/2021-11-01-110389.png,Adobe,0
Apple,apwg451514/2021-11/2021-11-12/2021-11-12-139464.png,MBNA Corportation,0
Orange,apwg451514/2021-11/2021-11-08/2021-11-08-142117.png,Adobe,0
Apple,apwg451514/2021-11/2021-11-08/2021-11-08-143844.png,UBS AG,0
Facebook,apwg451514/2021-11/2021-11-08/2021-11-08-145790.png,1&1 Ionos,Color
Microsoft Bing,apwg451514/2021-11/2021-11-13/2021-11-13-150766.png,Office365,Outdated
Orange,apwg451514/2021-11/2021-11-14/2021-11-14-152616.png,Adobe,0
Instagram,apwg451514/2021-11/2021-11-09/2021-11-09-157544.png,Westpac Institutional Banking,0
Orange,apwg451514/2021-11/2021-11-09/2021-11-09-159915.png,Adobe,0
Orange,apwg451514/2021-11/2021-11-09/2021-11-09-160813.png,Adobe,0
AT&T,apwg451514/2021-11/2021-11-22/2021-11-22-164632.png,AT&T,Combination
Societe Generale Group,apwg451514/2021-11/2021-11-22/2021-11-22-164740.png,Credit du Nord,AddTextClose
Societe Generale Group,apwg451514/2021-11/2021-11-22/2021-11-22-164786.png,Credit du Nord,AddTextClose
Microsoft Bing,apwg451514/2021-11/2021-11-19/2021-11-19-166935.png,Office365,Outdated
Microsoft Bing,apwg451514/2021-11/2021-11-19/2021-11-19-168465.png,Office365,Outdated
Microsoft Bing,apwg451514/2021-11/2021-11-19/2021-11-19-170145.png,Office365,Outdated
Orange,apwg451514/2021-11/2021-11-11/2021-11-11-178694.png,Adobe,0
Facebook,apwg451514/2021-11/2021-11-15/2021-11-15-186209.png,youtube,0
Orange,apwg451514/2021-11/2021-11-15/2021-11-15-187615.png,Adobe,0
Swiss Post,apwg451514/2021-12/2021-12-26/2021-12-26-6079.png,Swiss Post,Outdated
Apple,apwg451514/2021-12/2021-12-23/2021-12-23-37790.png,UBS AG,0
Instagram,apwg451514/2021-12/2021-12-01/2021-12-01-54811.png,Westpac Institutional Banking,0
eBay,apwg451514/2022-01/2022-01-10/2022-01-10-5091.png,Huntington Bank,Ratio or Scale
Yahoo,apwg451514/2022-01/2022-01-05/2022-01-05-8215.png,Yahoo!,Color
Facebook,apwg451514/2022-01/2022-01-15/2022-01-15-9937.png,test_rite,Combination
Facebook,apwg451514/2022-01/2022-01-15/2022-01-15-10158.png,test_rite,Combination
Facebook,apwg451514/2022-01/2022-01-15/2022-01-15-10197.png,test_rite,Combination
Instagram,apwg451514/2022-01/2022-01-15/2022-01-15-10306.png,Westpac Institutional Banking,0
Facebook,apwg451514/2022-01/2022-01-15/2022-01-15-10321.png,test_rite,Combination
Facebook,apwg451514/2022-01/2022-01-15/2022-01-15-10587.png,test_rite,Combination
Facebook,apwg451514/2022-01/2022-01-15/2022-01-15-10889.png,test_rite,Combination
Facebook,apwg451514/2022-01/2022-01-15/2022-01-15-10945.png,test_rite,Combination
AT&T,apwg451514/2022-01/2022-01-27/2022-01-27-12373.png,Standard Chartered Bank,Combination
Amazon,apwg451514/2022-01/2022-01-09/2022-01-09-16908.png,hfe,Deletion
Adobe,apwg451514/2022-01/2022-01-25/2022-01-25-20670.png,Office365,Color
Swiss Post,apwg451514/2022-01/2022-01-23/2022-01-23-23788.png,PostFinance,Outdated
Facebook,apwg451514/2022-01/2022-01-29/2022-01-29-30502.png,Banco de Chile,0
Adobe,apwg451514/2022-01/2022-01-19/2022-01-19-32885.png,Office365,Color
Facebook,apwg451514/2022-01/2022-01-21/2022-01-21-34179.png,Facebook,0
Instagram,apwg451514/2022-01/2022-01-06/2022-01-06-36311.png,Westpac Institutional Banking,0
Facebook,apwg451514/2022-01/2022-01-06/2022-01-06-37782.png,Maersk,Shape
Instagram,apwg451514/2022-01/2022-01-18/2022-01-18-39049.png,Westpac Institutional Banking,0
Instagram,apwg451514/2022-02/2022-02-02/2022-02-02-1020.png,Westpac Institutional Banking,0
Instagram,apwg451514/2022-02/2022-02-07/2022-02-07-3959.png,Instagram,Location
Outlook,apwg451514/2022-02/2022-02-07/2022-02-07-5370.png,Outlook,0
Facebook,apwg451514/2022-02/2022-02-23/2022-02-23-6963.png,smartsheet,0
Facebook,apwg451514/2022-02/2022-02-27/2022-02-27-8829.png,Facebook,0
Facebook,apwg451514/2022-02/2022-02-27/2022-02-27-8910.png,Facebook,0
Facebook,apwg451514/2022-02/2022-02-27/2022-02-27-9624.png,Facebook,Combination
Facebook,apwg451514/2022-02/2022-02-27/2022-02-27-9662.png,Facebook,0
WhatsApp,apwg451514/2022-02/2022-02-05/2022-02-05-10781.png,Desjardins,Combination
Swisscom AG,apwg451514/2022-02/2022-02-24/2022-02-24-13765.png,Instagram,Deletion
Adobe,apwg451514/2022-02/2022-02-08/2022-02-08-15536.png,Adobe,0
WhatsApp,apwg451514/2022-02/2022-02-18/2022-02-18-23399.png,Desjardins,Combination
Instagram,apwg451514/2022-02/2022-02-15/2022-02-15-23859.png,Instagram,Location
Instagram,apwg451514/2022-02/2022-02-25/2022-02-25-24849.png,Instagram,Location
Microsoft 365,apwg451514/2022-02/2022-02-01/2022-02-01-25928.png,Outlook,Combination
AT&T,apwg451514/2022-02/2022-02-01/2022-02-01-27364.png,Navy Federal Credit Union,Combination
Instagram,apwg451514/2022-02/2022-02-10/2022-02-10-28984.png,Westpac Institutional Banking,0
Facebook,apwg451514/2022-02/2022-02-22/2022-02-22-30440.png,Facebook,0
Instagram,apwg451514/2022-02/2022-02-14/2022-02-14-36703.png,Instagram,Location
Instagram,apwg451514/2022-02/2022-02-06/2022-02-06-37983.png,Westpac Institutional Banking,0
Facebook,apwg451514/2022-02/2022-02-12/2022-02-12-38636.png,Facebook,Combination
Instagram,apwg451514/2022-02/2022-02-12/2022-02-12-39215.png,Westpac Institutional Banking,0
Instagram,apwg451514/2022-03/2022-03-29/2022-03-29-4587.png,Instagram,Font
Microsoft Bing,apwg451514/2022-03/2022-03-18/2022-03-18-6716.png,Meridian Credit Union,0
Facebook,apwg451514/2022-03/2022-03-18/2022-03-18-6834.png,Facebook,0
Adobe,apwg451514/2022-03/2022-03-21/2022-03-21-10737.png,Adobe,0
Facebook,apwg451514/2022-03/2022-03-21/2022-03-21-12853.png,Facebook,0
Instagram,apwg451514/2022-03/2022-03-30/2022-03-30-17851.png,Instagram,Location
Facebook,apwg451514/2022-03/2022-03-14/2022-03-14-20608.png,Facebook,Color
Instagram,apwg451514/2022-03/2022-03-14/2022-03-14-20675.png,Instagram,Location
Instagram,apwg451514/2022-03/2022-03-05/2022-03-05-22018.png,Instagram,Location
Facebook,apwg451514/2022-03/2022-03-24/2022-03-24-24109.png,Credit du Nord,Deletion
WhatsApp,apwg451514/2022-03/2022-03-24/2022-03-24-24343.png,Desjardins,Combination
Instagram,apwg451514/2022-03/2022-03-11/2022-03-11-26348.png,Luno,Location
Instagram,apwg451514/2022-03/2022-03-11/2022-03-11-26414.png,Luno,Location
Instagram,apwg451514/2022-03/2022-03-12/2022-03-12-29602.png,Westpac Institutional Banking,0
Instagram,apwg451514/2022-03/2022-03-12/2022-03-12-30452.png,Westpac Institutional Banking,0
Facebook,apwg451514/2022-03/2022-03-04/2022-03-04-31154.png,Banco de Chile,0
Apple,apwg451514/2022-03/2022-03-31/2022-03-31-39065.png,UBS AG,0
Facebook,apwg451514/2022-03/2022-03-31/2022-03-31-52576.png,Facebook,0
Facebook,apwg451514/2022-03/2022-03-10/2022-03-10-58967.png,Banco de Chile,0
Instagram,apwg451514/2022-03/2022-03-20/2022-03-20-60843.png,Luno,Location
Swisscom AG,apwg451514/2022-03/2022-03-13/2022-03-13-62127.png,Instagram,Outdated
Facebook,apwg451514/2022-03/2022-03-13/2022-03-13-62589.png,TD Bank Group,Division
Swisscom AG,apwg451514/2022-03/2022-03-02/2022-03-02-81243.png,Instagram,Location
Instagram,apwg451514/2022-03/2022-03-16/2022-03-16-88264.png,Instagram,Location
Instagram,apwg451514/2022-03/2022-03-16/2022-03-16-88653.png,Instagram,Location
Facebook,apwg451514/2022-03/2022-03-09/2022-03-09-88850.png,Banco de Chile,0
Instagram,apwg451514/2022-03/2022-03-09/2022-03-09-89145.png,Instagram,Location
Instagram,apwg451514/2022-03/2022-03-09/2022-03-09-90632.png,Westpac Institutional Banking,0
Microsoft Bing,apwg451514/2022-03/2022-03-06/2022-03-06-90963.png,Meridian Credit Union,0
Instagram,apwg451514/2022-03/2022-03-22/2022-03-22-92556.png,Westpac Institutional Banking,0
Instagram,apwg451514/2022-03/2022-03-22/2022-03-22-92779.png,National Australia Bank Limited,Font
Orange,apwg451514/2022-04/2022-04-07/2022-04-07-234.png,Adobe,0
Apple,apwg451514/2022-04/2022-04-17/2022-04-17-17858.png,UBS AG,0
Apple,apwg451514/2022-04/2022-04-17/2022-04-17-55766.png,UBS AG,0
Orange,apwg451514/2022-04/2022-04-05/2022-04-05-60383.png,Adobe,0
Orange,apwg451514/2022-04/2022-04-05/2022-04-05-62731.png,Adobe,0
Facebook,apwg451514/2022-04/2022-04-20/2022-04-20-73859.png,Facebook,0
Facebook,apwg451514/2022-04/2022-04-10/2022-04-10-80543.png,Facebook,0
Facebook,apwg451514/2022-04/2022-04-10/2022-04-10-85130.png,Facebook,0
Outlook,apwg451514/2022-04/2022-04-28/2022-04-28-147985.png,Outlook,0
Instagram,apwg451514/2022-04/2022-04-08/2022-04-08-173449.png,Luno,Location
Facebook,apwg451514/2022-04/2022-04-08/2022-04-08-173475.png,Credit du Nord,Deletion
DHL,apwg451514/2022-04/2022-04-19/2022-04-19-190329.png,orange_rockland,0
Facebook,apwg451514/2022-04/2022-04-19/2022-04-19-201894.png,Facebook,Combination
Facebook,apwg451514/2022-04/2022-04-19/2022-04-19-216434.png,Facebook,Combination
DHL,apwg451514/2022-04/2022-04-19/2022-04-19-218100.png,orange_rockland,0
DHL,apwg451514/2022-04/2022-04-19/2022-04-19-224823.png,orange_rockland,0
DHL,apwg451514/2022-04/2022-04-19/2022-04-19-227969.png,orange_rockland,0
Facebook,apwg451514/2022-04/2022-04-19/2022-04-19-236785.png,Facebook,Combination
Societe Generale Group,apwg451514/2022-04/2022-04-09/2022-04-09-238574.png,Lloyds TSB Group,AddTextClose
Nedbank,apwg451514/2022-04/2022-04-26/2022-04-26-244265.png,Naver,0
Apple,apwg451514/2022-04/2022-04-26/2022-04-26-262389.png,MBNA Corportation,0
Microsoft Bing,apwg451514/2022-04/2022-04-26/2022-04-26-279540.png,Office365,Outdated
eBay,apwg451514/2022-04/2022-04-26/2022-04-26-281974.png,Deutsche Telekom,Ratio or Scale
Facebook,apwg451514/2022-04/2022-04-26/2022-04-26-289591.png,Facebook,0
Instagram,apwg451514/2022-04/2022-04-25/2022-04-25-309037.png,Luno,Location
Walmart,apwg451514/2022-04/2022-04-29/2022-04-29-328779.png,postbank,Division
Facebook,apwg451514/2022-04/2022-04-29/2022-04-29-329671.png,1&1 Ionos,Color
Walmart,apwg451514/2022-04/2022-04-29/2022-04-29-330005.png,postbank,Division
Facebook,apwg451514/2022-04/2022-04-29/2022-04-29-330866.png,Credit du Nord,Deletion
Walmart,apwg451514/2022-04/2022-04-29/2022-04-29-331474.png,postbank,Division
Credit Agricole,apwg451514/2022-04/2022-04-21/2022-04-21-379062.png,Bank Al Habib,Outdated
Chase Bank,apwg451514/2022-04/2022-04-23/2022-04-23-388242.png,Nationwide Building Society,0
AT&T,apwg451514/2022-04/2022-04-23/2022-04-23-389976.png,AT&T,Color
Facebook,apwg451514/2022-04/2022-04-18/2022-04-18-406964.png,Facebook,0
Facebook,apwg451514/2022-04/2022-04-18/2022-04-18-423614.png,Facebook,0
Instagram,apwg451514/2022-04/2022-04-18/2022-04-18-426710.png,Westpac Institutional Banking,0
Walmart,apwg451514/2022-04/2022-04-27/2022-04-27-450564.png,postbank,Division
Walmart,apwg451514/2022-04/2022-04-27/2022-04-27-451281.png,postbank,Division
Walmart,apwg451514/2022-04/2022-04-27/2022-04-27-453223.png,postbank,Division
Walmart,apwg451514/2022-04/2022-04-27/2022-04-27-460573.png,postbank,Division
Walmart,apwg451514/2022-04/2022-04-27/2022-04-27-464230.png,postbank,Division
Walmart,apwg451514/2022-04/2022-04-27/2022-04-27-467208.png,postbank,Division
Walmart,apwg451514/2022-04/2022-04-27/2022-04-27-468900.png,postbank,Division
Walmart,apwg451514/2022-04/2022-04-27/2022-04-27-474205.png,postbank,Division
Walmart,apwg451514/2022-04/2022-04-27/2022-04-27-475436.png,postbank,Division
Walmart,apwg451514/2022-04/2022-04-27/2022-04-27-476659.png,postbank,Division
Walmart,apwg451514/2022-04/2022-04-27/2022-04-27-479874.png,postbank,Division
Walmart,apwg451514/2022-04/2022-04-27/2022-04-27-480733.png,postbank,Division
Walmart,apwg451514/2022-04/2022-04-27/2022-04-27-480885.png,postbank,Division
Walmart,apwg451514/2022-04/2022-04-27/2022-04-27-484754.png,postbank,Division
Walmart,apwg451514/2022-04/2022-04-27/2022-04-27-485884.png,postbank,Division
Walmart,apwg451514/2022-04/2022-04-27/2022-04-27-488368.png,postbank,Division
Walmart,apwg451514/2022-04/2022-04-27/2022-04-27-488402.png,postbank,Division
Walmart,apwg451514/2022-04/2022-04-27/2022-04-27-489324.png,postbank,Division
Walmart,apwg451514/2022-04/2022-04-27/2022-04-27-490105.png,postbank,Division
Walmart,apwg451514/2022-04/2022-04-27/2022-04-27-490331.png,postbank,Division
Walmart,apwg451514/2022-04/2022-04-27/2022-04-27-491234.png,postbank,Division
Walmart,apwg451514/2022-04/2022-04-27/2022-04-27-491626.png,postbank,Division
Walmart,apwg451514/2022-04/2022-04-27/2022-04-27-493100.png,postbank,Division
Facebook,apwg451514/2022-04/2022-04-13/2022-04-13-568357.png,Facebook,0
Facebook,apwg451514/2022-04/2022-04-13/2022-04-13-569560.png,Facebook,0
Facebook,apwg451514/2022-04/2022-04-22/2022-04-22-584960.png,Facebook,0
Instagram,apwg451514/2022-05/2022-05-28/2022-05-28-895.png,National Australia Bank Limited,Combination
Instagram,apwg451514/2022-05/2022-05-28/2022-05-28-1276.png,Westpac Institutional Banking,0
Naver Corporation,apwg451514/2022-05/2022-05-03/2022-05-03-9979.png,Naver,Deletion
Naver Corporation,apwg451514/2022-05/2022-05-03/2022-05-03-14278.png,Naver,Deletion
Naver Corporation,apwg451514/2022-05/2022-05-03/2022-05-03-15723.png,Naver,Deletion
Naver Corporation,apwg451514/2022-05/2022-05-03/2022-05-03-15947.png,Naver,Deletion
Naver Corporation,apwg451514/2022-05/2022-05-03/2022-05-03-16070.png,Naver,Deletion
Naver Corporation,apwg451514/2022-05/2022-05-03/2022-05-03-16833.png,Naver,Deletion
Societe Generale Group,apwg451514/2022-05/2022-05-08/2022-05-08-19642.png,gov_uk,AddTextClose
Facebook,apwg451514/2022-05/2022-05-08/2022-05-08-21192.png,Banco de Chile,0
Instagram,apwg451514/2022-05/2022-05-08/2022-05-08-25870.png,Instagram,Division
Facebook,apwg451514/2022-05/2022-05-05/2022-05-05-44776.png,TD Bank Group,Combination
Facebook,apwg451514/2022-05/2022-05-05/2022-05-05-45098.png,Banco de Chile,0
Commonwealth Bank of Australia,apwg451514/2022-05/2022-05-05/2022-05-05-46663.png,Royal KPN N.V,0
Instagram,apwg451514/2022-05/2022-05-05/2022-05-05-47830.png,Instagram,Location
Facebook,apwg451514/2022-05/2022-05-22/2022-05-22-49488.png,Banco de Chile,0
Facebook,apwg451514/2022-05/2022-05-19/2022-05-19-56626.png,DGI (French Tax Authority),Combination
Facebook,apwg451514/2022-05/2022-05-19/2022-05-19-56793.png,DGI (French Tax Authority),Combination
Facebook,apwg451514/2022-05/2022-05-19/2022-05-19-58359.png,Banco de Chile,0
Facebook,apwg451514/2022-05/2022-05-19/2022-05-19-58459.png,Credit du Nord,Deletion
Facebook,apwg451514/2022-05/2022-05-19/2022-05-19-58787.png,Fifth Third Bank,Color
Facebook,apwg451514/2022-05/2022-05-19/2022-05-19-58815.png,DGI (French Tax Authority),Combination
Facebook,apwg451514/2022-05/2022-05-19/2022-05-19-58980.png,DGI (French Tax Authority),Combination
Facebook,apwg451514/2022-05/2022-05-16/2022-05-16-62083.png,Uber,Combination
Facebook,apwg451514/2022-05/2022-05-23/2022-05-23-66415.png,Bet365,Combination
Facebook,apwg451514/2022-05/2022-05-20/2022-05-20-78810.png,Bank of Montreal,Combination
Facebook,apwg451514/2022-05/2022-05-20/2022-05-20-78855.png,Bank of Montreal,Combination
Facebook,apwg451514/2022-05/2022-05-20/2022-05-20-79578.png,Bank of Montreal,Combination
Facebook,apwg451514/2022-05/2022-05-20/2022-05-20-79621.png,Bank of Montreal,Combination
Instagram,apwg451514/2022-05/2022-05-20/2022-05-20-80531.png,Luno,Location
Facebook,apwg451514/2022-05/2022-05-20/2022-05-20-80821.png,Bank of Montreal,Combination
Instagram,apwg451514/2022-05/2022-05-20/2022-05-20-81827.png,Luno,Location
Facebook,apwg451514/2022-05/2022-05-20/2022-05-20-82325.png,Uber,Combination
Instagram,apwg451514/2022-05/2022-05-21/2022-05-21-86121.png,Westpac Institutional Banking,0
Facebook,apwg451514/2022-05/2022-05-26/2022-05-26-87551.png,DGI (French Tax Authority),0
AT&T,apwg451514/2022-05/2022-05-26/2022-05-26-89509.png,AT&T,Combination
Instagram,apwg451514/2022-05/2022-05-09/2022-05-09-90299.png,Instagram,Location
Facebook,apwg451514/2022-05/2022-05-09/2022-05-09-91827.png,Credit du Nord,Deletion
Instagram,apwg451514/2022-05/2022-05-09/2022-05-09-92652.png,Instagram,Location
Instagram,apwg451514/2022-05/2022-05-09/2022-05-09-96864.png,Instagram,Location
Instagram,apwg451514/2022-05/2022-05-09/2022-05-09-98337.png,Instagram,Location
Instagram,apwg451514/2022-05/2022-05-09/2022-05-09-99046.png,Instagram,Location
Instagram,apwg451514/2022-05/2022-05-09/2022-05-09-99694.png,Luno,Location
Facebook,apwg451514/2022-05/2022-05-31/2022-05-31-103660.png,Caixa Geral de Depositos,Replacement
Facebook,apwg451514/2022-05/2022-05-31/2022-05-31-103843.png,Credit du Nord,Case
Facebook,apwg451514/2022-05/2022-05-31/2022-05-31-104781.png,Caixa Geral de Depositos,Replacement
Facebook,apwg451514/2022-05/2022-05-31/2022-05-31-105893.png,Caixa Geral de Depositos,Replacement
Microsoft Bing,apwg451514/2022-05/2022-05-31/2022-05-31-106477.png,Office365,Outdated
DHL,apwg451514/2022-05/2022-05-31/2022-05-31-106481.png,Societe Generale,Popup
Netflix,apwg451514/2022-05/2022-05-17/2022-05-17-111508.png,Netflix,Background
Apple,apwg451514/2022-05/2022-05-14/2022-05-14-112276.png,UBS AG,Deletion
Instagram,apwg451514/2022-05/2022-05-14/2022-05-14-112568.png,Commonwealth Bank of Australia,Location
Instagram,apwg451514/2022-05/2022-05-25/2022-05-25-114363.png,Instagram,Location
Facebook,apwg451514/2022-05/2022-05-25/2022-05-25-114961.png,Credit du Nord,Deletion
Instagram,apwg451514/2022-05/2022-05-25/2022-05-25-115284.png,Instagram,Location
Instagram,apwg451514/2022-05/2022-05-29/2022-05-29-131649.png,Instagram,Location
Instagram,apwg451514/2022-05/2022-05-27/2022-05-27-209536.png,Luno,Location
Facebook,apwg451514/2022-05/2022-05-27/2022-05-27-210129.png,Facebook,0
Facebook,apwg451514/2022-05/2022-05-30/2022-05-30-210869.png,TD Bank Group,Combination
Facebook,apwg451514/2022-05/2022-05-30/2022-05-30-215204.png,Facebook,0
Facebook,apwg451514/2022-05/2022-05-18/2022-05-18-217591.png,Facebook,0
Instagram,apwg451514/2022-05/2022-05-18/2022-05-18-217801.png,Instagram,Location
Instagram,apwg451514/2022-05/2022-05-15/2022-05-15-219235.png,Luno,Location
Microsoft Bing,apwg451514/2022-06/2022-06-20/2022-06-20-1584.png,Office365,Outdated
Nedbank,apwg451514/2022-06/2022-06-20/2022-06-20-6781.png,Naver,0
Credit Agricole,apwg451514/2022-06/2022-06-20/2022-06-20-7905.png,Credit du Nord,Deletion
Microsoft Bing,apwg451514/2022-06/2022-06-20/2022-06-20-8452.png,Office365,Outdated
Credit Agricole,apwg451514/2022-06/2022-06-20/2022-06-20-8726.png,Credit du Nord,Deletion
DHL,apwg451514/2022-06/2022-06-20/2022-06-20-12327.png,orange_rockland,Popup
Nedbank,apwg451514/2022-06/2022-06-20/2022-06-20-12649.png,Naver,0
DHL,apwg451514/2022-06/2022-06-20/2022-06-20-15314.png,Societe Generale,Popup
Facebook,apwg451514/2022-06/2022-06-23/2022-06-23-17635.png,test_rite,Combination
M&T Bank Corporation,apwg451514/2022-06/2022-06-23/2022-06-23-46910.png,Kiwibank Limited,0
Fifth Third Bank,apwg451514/2022-06/2022-06-24/2022-06-24-188238.png,Fifth Third Bank,Background
Facebook,apwg451514/2022-06/2022-06-01/2022-06-01-277505.png,Uber,Combination
Facebook,apwg451514/2022-06/2022-06-01/2022-06-01-283606.png,test_rite,Combination
Netflix,apwg451514/2022-06/2022-06-15/2022-06-15-290338.png,Netflix,Background
Facebook,apwg451514/2022-06/2022-06-15/2022-06-15-290898.png,"Twitter, Inc",0
American Express,apwg451514/2022-06/2022-06-15/2022-06-15-292240.png,American Express,0
PayPal,apwg451514/2022-06/2022-06-15/2022-06-15-294124.png,PayPal,0
Facebook,apwg451514/2022-06/2022-06-10/2022-06-10-296013.png,1&1 Ionos,Color
M&T Bank Corporation,apwg451514/2022-06/2022-06-21/2022-06-21-312357.png,Kiwibank Limited,0
M&T Bank Corporation,apwg451514/2022-06/2022-06-21/2022-06-21-339680.png,Kiwibank Limited,0
Instagram,apwg451514/2022-06/2022-06-27/2022-06-27-390572.png,Westpac Institutional Banking,0
Facebook,apwg451514/2022-06/2022-06-29/2022-06-29-399907.png,Facebook,Color
DHL,apwg451514/2022-06/2022-06-29/2022-06-29-408070.png,Societe Generale,Popup
M&T Bank Corporation,apwg451514/2022-06/2022-06-03/2022-06-03-458412.png,Kiwibank Limited,0
DHL,apwg451514/2022-06/2022-06-03/2022-06-03-465277.png,Societe Generale,Popup
Facebook,apwg451514/2022-06/2022-06-14/2022-06-14-475503.png,test_rite,Combination
DHL,apwg451514/2022-06/2022-06-19/2022-06-19-498701.png,Societe Generale,Popup
Instagram,apwg451514/2022-06/2022-06-28/2022-06-28-505683.png,itunes,Combination
Fifth Third Bank,apwg451514/2022-06/2022-06-28/2022-06-28-511878.png,Fifth Third Bank,Background
Orange,apwg451514/2022-06/2022-06-28/2022-06-28-513831.png,Adobe,0
CaixaBank,apwg451514/2022-06/2022-06-28/2022-06-28-527097.png,CaixaBank,Color
Facebook,apwg451514/2022-06/2022-06-07/2022-06-07-552774.png,Banco de Chile,0
Instagram,apwg451514/2022-06/2022-06-07/2022-06-07-554321.png,Luno,Location
Instagram,apwg451514/2022-06/2022-06-12/2022-06-12-588501.png,National Australia Bank Limited,Combination
Instagram,apwg451514/2022-06/2022-06-12/2022-06-12-592008.png,Instagram,Location
Facebook,apwg451514/2022-06/2022-06-06/2022-06-06-594982.png,Bank of Montreal,Combination
Facebook,apwg451514/2022-06/2022-06-06/2022-06-06-595928.png,Bank of Montreal,Combination
Facebook,apwg451514/2022-06/2022-06-30/2022-06-30-612055.png,Facebook,Color
Instagram,apwg451514/2022-06/2022-06-30/2022-06-30-634026.png,National Australia Bank Limited,Combination
Facebook,apwg451514/2022-06/2022-06-30/2022-06-30-634796.png,Facebook,Color
Facebook,apwg451514/2022-06/2022-06-05/2022-06-05-646993.png,Bank of Montreal,Combination
Facebook,apwg451514/2022-06/2022-06-05/2022-06-05-658391.png,Bank of Montreal,Combination
Facebook,apwg451514/2022-06/2022-06-05/2022-06-05-662029.png,Bank of Montreal,Combination
Instagram,apwg451514/2022-06/2022-06-08/2022-06-08-666425.png,National Australia Bank Limited,Combination
M&T Bank Corporation,apwg451514/2022-07/2022-07-18/2022-07-18-13768.png,Kiwibank Limited,0
Instagram,apwg451514/2022-07/2022-07-18/2022-07-18-13930.png,Instagram,Location
Instagram,apwg451514/2022-07/2022-07-18/2022-07-18-14689.png,Instagram,Location
M&T Bank Corporation,apwg451514/2022-07/2022-07-06/2022-07-06-21386.png,Kiwibank Limited,0
BT Group,apwg451514/2022-07/2022-07-01/2022-07-01-44659.png,Monmouth Telecom,0
Instagram,apwg451514/2022-07/2022-07-25/2022-07-25-63501.png,National Australia Bank Limited,Combination
Apple,apwg451514/2022-07/2022-07-25/2022-07-25-63540.png,file_transfer,0
Apple,apwg451514/2022-07/2022-07-25/2022-07-25-64318.png,file_transfer,0
Adobe,apwg451514/2022-07/2022-07-19/2022-07-19-86646.png,Adobe,0
Adobe,apwg451514/2022-07/2022-07-22/2022-07-22-88150.png,Adobe,0
Facebook,apwg451514/2022-07/2022-07-22/2022-07-22-88208.png,National Bank of Canada,0
Facebook,apwg451514/2022-07/2022-07-22/2022-07-22-88277.png,National Bank of Canada,0
Facebook,apwg451514/2022-07/2022-07-22/2022-07-22-88951.png,National Bank of Canada,0
Facebook,apwg451514/2022-07/2022-07-22/2022-07-22-89240.png,National Bank of Canada,0
Facebook,apwg451514/2022-07/2022-07-29/2022-07-29-89905.png,Meridian Credit Union,Combination
American Express,apwg451514/2022-07/2022-07-04/2022-07-04-98628.png,American Express,0
Rabobank,apwg451514/2022-07/2022-07-04/2022-07-04-99595.png,Magalu,0
Netflix,apwg451514/2022-07/2022-07-04/2022-07-04-99760.png,Netflix,Background
Instagram,apwg451514/2022-07/2022-07-17/2022-07-17-100597.png,Westpac Institutional Banking,0
M&T Bank Corporation,apwg451514/2022-07/2022-07-27/2022-07-27-103089.png,Kiwibank Limited,0
Facebook,apwg451514/2022-07/2022-07-11/2022-07-11-110294.png,test_rite,Combination
Facebook,apwg451514/2022-07/2022-07-11/2022-07-11-111472.png,Credit du Nord,Deletion
Instagram,apwg451514/2022-07/2022-07-20/2022-07-20-112211.png,Westpac Institutional Banking,0
AT&T,apwg451514/2022-07/2022-07-20/2022-07-20-112749.png,Standard Chartered Bank,Combination
Facebook,apwg451514/2022-07/2022-07-20/2022-07-20-113416.png,Facebook,Color
Instagram,apwg451514/2022-07/2022-07-26/2022-07-26-117822.png,Westpac Institutional Banking,0
IONOS,apwg451514/2022-07/2022-07-08/2022-07-08-120541.png,Luno,Division
M&T Bank Corporation,apwg451514/2022-07/2022-07-08/2022-07-08-120625.png,Kiwibank Limited,0
Facebook,apwg451514/2022-07/2022-07-08/2022-07-08-121611.png,Facebook,Color
Adobe,apwg451514/2022-07/2022-07-08/2022-07-08-122311.png,Adobe,0
Orange,apwg451514/2022-07/2022-07-03/2022-07-03-124741.png,Adobe,0
Microsoft Bing,apwg451514/2022-08/2022-08-15/2022-08-15-1179.png,Office365,Outdated
Facebook,apwg451514/2022-08/2022-08-15/2022-08-15-2745.png,Square,Replacement
Microsoft Bing,apwg451514/2022-08/2022-08-15/2022-08-15-3727.png,Office365,Outdated
Microsoft Bing,apwg451514/2022-08/2022-08-15/2022-08-15-4931.png,Office365,Outdated
Microsoft Bing,apwg451514/2022-08/2022-08-15/2022-08-15-5542.png,Office365,Outdated
Microsoft Bing,apwg451514/2022-08/2022-08-15/2022-08-15-6334.png,Office365,Outdated
Microsoft Bing,apwg451514/2022-08/2022-08-15/2022-08-15-8680.png,Office365,Outdated
Naver Corporation,apwg451514/2022-08/2022-08-09/2022-08-09-34666.png,Naver,Deletion
American Express,apwg451514/2022-08/2022-08-29/2022-08-29-44433.png,American Express,0
Facebook,apwg451514/2022-08/2022-08-29/2022-08-29-45113.png,Meridian Credit Union,Combination
Facebook,apwg451514/2022-08/2022-08-29/2022-08-29-45892.png,Meridian Credit Union,Combination
Facebook,apwg451514/2022-08/2022-08-29/2022-08-29-46197.png,Meridian Credit Union,Combination
Facebook,apwg451514/2022-08/2022-08-29/2022-08-29-46579.png,Facebook,0
Facebook,apwg451514/2022-08/2022-08-29/2022-08-29-46845.png,Facebook,0
Instagram,apwg451514/2022-08/2022-08-29/2022-08-29-47063.png,Instagram,Combination
American Express,apwg451514/2022-08/2022-08-29/2022-08-29-47222.png,American Express,0
Facebook,apwg451514/2022-08/2022-08-28/2022-08-28-47917.png,Facebook,0
Facebook,apwg451514/2022-08/2022-08-28/2022-08-28-47964.png,Facebook,0
Microsoft Bing,apwg451514/2022-08/2022-08-17/2022-08-17-48887.png,Office365,Outdated
Facebook,apwg451514/2022-08/2022-08-17/2022-08-17-48888.png,test_rite,Combination
Microsoft Bing,apwg451514/2022-08/2022-08-17/2022-08-17-48918.png,Office365,Outdated
Microsoft Bing,apwg451514/2022-08/2022-08-17/2022-08-17-48985.png,Office365,Outdated
Facebook,apwg451514/2022-08/2022-08-17/2022-08-17-50053.png,test_rite,Combination
Facebook,apwg451514/2022-08/2022-08-17/2022-08-17-51180.png,test_rite,Combination
Microsoft Bing,apwg451514/2022-08/2022-08-17/2022-08-17-52403.png,Office365,Outdated
Microsoft Bing,apwg451514/2022-08/2022-08-17/2022-08-17-52813.png,Office365,Outdated
Facebook,apwg451514/2022-08/2022-08-17/2022-08-17-53003.png,test_rite,Combination
Instagram,apwg451514/2022-08/2022-08-14/2022-08-14-108726.png,Instagram,Location
Outlook,apwg451514/2022-08/2022-08-19/2022-08-19-127880.png,Outlook,0
Facebook,apwg451514/2022-08/2022-08-26/2022-08-26-141656.png,Meridian Credit Union,Combination
Facebook,apwg451514/2022-08/2022-08-27/2022-08-27-219929.png,Meridian Credit Union,Combination
Facebook,apwg451514/2022-08/2022-08-27/2022-08-27-226096.png,test_rite,Combination
Societe Generale Group,apwg451514/2022-08/2022-08-25/2022-08-25-253509.png,gov_uk,AddTextClose
Credit Agricole,apwg451514/2022-08/2022-08-25/2022-08-25-258584.png,DGI (French Tax Authority),Popup
Netflix,apwg451514/2022-08/2022-08-25/2022-08-25-273361.png,Netflix,Background
DHL,apwg451514/2022-08/2022-08-11/2022-08-11-369094.png,NatWest Personal Banking,Popup
Instagram,apwg451514/2022-08/2022-08-04/2022-08-04-376387.png,Instagram,Location
Microsoft Bing,apwg451514/2022-08/2022-08-18/2022-08-18-384637.png,Office365,Outdated
Microsoft Bing,apwg451514/2022-08/2022-08-18/2022-08-18-390077.png,Office365,Outdated
DHL,apwg451514/2022-08/2022-08-18/2022-08-18-391746.png,DHL,Deletion
Microsoft Bing,apwg451514/2022-08/2022-08-18/2022-08-18-392854.png,Office365,Outdated
Microsoft Bing,apwg451514/2022-08/2022-08-18/2022-08-18-396411.png,Office365,Outdated
Microsoft Bing,apwg451514/2022-08/2022-08-16/2022-08-16-397717.png,Office365,Outdated
Microsoft Bing,apwg451514/2022-08/2022-08-16/2022-08-16-400469.png,Office365,Outdated
Microsoft Bing,apwg451514/2022-08/2022-08-16/2022-08-16-400770.png,Office365,Outdated
Microsoft Bing,apwg451514/2022-08/2022-08-16/2022-08-16-403862.png,Office365,Outdated
Swiss Post,apwg451514/2022-08/2022-08-10/2022-08-10-406765.png,Swiss Post,Outdated
Facebook,apwg451514/2022-08/2022-08-06/2022-08-06-463854.png,test_rite,Combination
DHL,apwg451514/2022-08/2022-08-12/2022-08-12-467414.png,Banco de Chile,Popup
Instagram,apwg451514/2022-08/2022-08-12/2022-08-12-470230.png,Westpac Institutional Banking,0
DHL,apwg451514/2022-08/2022-08-12/2022-08-12-471362.png,NatWest Personal Banking,Popup
Facebook,apwg451514/2022-08/2022-08-12/2022-08-12-473365.png,Credit du Nord,Deletion
DHL,apwg451514/2022-08/2022-08-08/2022-08-08-473940.png,Office365,Popup
DHL,apwg451514/2022-09/2022-09-23/2022-09-23-45968.png,Office365,Popup
Facebook,apwg451514/2022-09/2022-09-20/2022-09-20-51427.png,Meridian Credit Union,Combination
Facebook,apwg451514/2022-09/2022-09-20/2022-09-20-53364.png,Facebook,0
Facebook,apwg451514/2022-09/2022-09-20/2022-09-20-56418.png,test_rite,Combination
M&T Bank Corporation,apwg451514/2022-09/2022-09-20/2022-09-20-57618.png,Kiwibank Limited,0
Facebook,apwg451514/2022-09/2022-09-20/2022-09-20-58075.png,test_rite,Combination
DHL,apwg451514/2022-09/2022-09-15/2022-09-15-61502.png,Credit du Nord,Popup
Facebook,apwg451514/2022-09/2022-09-15/2022-09-15-66905.png,Facebook,Color
DHL,apwg451514/2022-09/2022-09-15/2022-09-15-67555.png,Government of Canada,Deletion
Facebook,apwg451514/2022-09/2022-09-15/2022-09-15-68078.png,Facebook,Color
Societe Generale Group,apwg451514/2022-09/2022-09-15/2022-09-15-68876.png,gov_uk,AddTextClose
Facebook,apwg451514/2022-09/2022-09-15/2022-09-15-69469.png,Meridian Credit Union,Combination
DHL,apwg451514/2022-09/2022-09-15/2022-09-15-77428.png,Societe Generale,Popup
DHL,apwg451514/2022-09/2022-09-15/2022-09-15-79689.png,cetelem,Popup
Apple,apwg451514/2022-09/2022-09-15/2022-09-15-81005.png,UBS AG,0
Outlook,apwg451514/2022-09/2022-09-08/2022-09-08-84379.png,Outlook,0
Facebook,apwg451514/2022-09/2022-09-08/2022-09-08-84470.png,Facebook,0
Facebook,apwg451514/2022-09/2022-09-13/2022-09-13-88024.png,"Twitter, Inc",Combination
DHL,apwg451514/2022-09/2022-09-13/2022-09-13-96596.png,Banco de Chile,Popup
Microsoft Bing,apwg451514/2022-09/2022-09-13/2022-09-13-98037.png,Office365,Outdated
Facebook,apwg451514/2022-09/2022-09-26/2022-09-26-109573.png,test_rite,Combination
Facebook,apwg451514/2022-09/2022-09-21/2022-09-21-136580.png,Facebook,0
Facebook,apwg451514/2022-09/2022-09-21/2022-09-21-139743.png,Facebook,0
Adobe,apwg451514/2022-09/2022-09-02/2022-09-02-142371.png,Adobe,0
Facebook,apwg451514/2022-09/2022-09-02/2022-09-02-142834.png,Banco de Chile,0
Facebook,apwg451514/2022-09/2022-09-18/2022-09-18-144886.png,Meridian Credit Union,Combination
Instagram,apwg451514/2022-09/2022-09-10/2022-09-10-147257.png,Westpac Institutional Banking,0
Facebook,apwg451514/2022-09/2022-09-10/2022-09-10-148222.png,Facebook,0
Facebook,apwg451514/2022-09/2022-09-05/2022-09-05-153128.png,Meridian Credit Union,Combination
DHL,apwg451514/2022-09/2022-09-14/2022-09-14-154605.png,Banco de Chile,Popup
DHL,apwg451514/2022-09/2022-09-14/2022-09-14-155343.png,NatWest Personal Banking,Popup
DHL,apwg451514/2022-09/2022-09-14/2022-09-14-156408.png,Office365,Popup
Facebook,apwg451514/2022-09/2022-09-24/2022-09-24-184557.png,Facebook,0
Facebook,apwg451514/2022-09/2022-09-01/2022-09-01-202811.png,Banco de Chile,0
Rabobank,apwg451514/2022-09/2022-09-06/2022-09-06-218004.png,Magalu,0
DHL,apwg451514/2022-09/2022-09-12/2022-09-12-234277.png,cetelem,Popup
Microsoft Bing,apwg451514/2022-09/2022-09-12/2022-09-12-236317.png,Office365,Outdated
DHL,apwg451514/2022-09/2022-09-12/2022-09-12-236360.png,Societe Generale,Popup
DHL,apwg451514/2022-09/2022-09-12/2022-09-12-236372.png,NatWest Personal Banking,Popup
DHL,apwg451514/2022-09/2022-09-12/2022-09-12-236518.png,NatWest Personal Banking,Popup
DHL,apwg451514/2022-09/2022-09-12/2022-09-12-236857.png,Banco de Chile,Popup
DHL,apwg451514/2022-09/2022-09-12/2022-09-12-238850.png,Office365,Outdated
Microsoft Bing,apwg451514/2022-09/2022-09-12/2022-09-12-240991.png,Office365,Outdated
Microsoft Bing,apwg451514/2022-09/2022-09-12/2022-09-12-244050.png,Office365,Outdated
Microsoft Bing,apwg451514/2022-09/2022-09-12/2022-09-12-244472.png,Office365,Outdated
Microsoft Bing,apwg451514/2022-09/2022-09-12/2022-09-12-245629.png,Office365,Outdated
Microsoft Bing,apwg451514/2022-09/2022-09-12/2022-09-12-246248.png,Office365,Outdated
Microsoft Bing,apwg451514/2022-09/2022-09-12/2022-09-12-246951.png,Office365,Outdated
Microsoft Bing,apwg451514/2022-09/2022-09-12/2022-09-12-248147.png,Office365,Outdated
Apple,apwg451514/2022-10/2022-10-19/2022-10-19-121227.png,UBS AG,0
AT&T,apwg451514/2022-10/2022-10-19/2022-10-19-151125.png,AT&T,Color
Apple,apwg451514/2022-10/2022-10-14/2022-10-14-158248.png,UBS AG,0
WhatsApp,apwg451514/2022-10/2022-10-14/2022-10-14-162327.png,Luno,0
Orange,apwg451514/2022-10/2022-10-14/2022-10-14-163070.png,Adobe,0
Nedbank,apwg451514/2022-10/2022-10-30/2022-10-30-165955.png,Naver,0
Microsoft Bing,apwg451514/2022-10/2022-10-30/2022-10-30-167368.png,Office365,Outdated
Facebook,apwg451514/2022-10/2022-10-09/2022-10-09-200011.png,Meridian Credit Union,Combination
Apple,apwg451514/2022-10/2022-10-11/2022-10-11-334608.png,UBS AG,0
DHL,apwg451514/2022-10/2022-10-11/2022-10-11-335165.png,Office365,Popup
Microsoft Bing,apwg451514/2022-10/2022-10-29/2022-10-29-443194.png,Office365,Outdated
Facebook,apwg451514/2022-10/2022-10-29/2022-10-29-443921.png,1&1 Ionos,Color
Microsoft Bing,apwg451514/2022-10/2022-10-29/2022-10-29-444304.png,Office365,Outdated
Microsoft Bing,apwg451514/2022-10/2022-10-29/2022-10-29-444990.png,Office365,Outdated
Microsoft Bing,apwg451514/2022-10/2022-10-29/2022-10-29-447843.png,Office365,Outdated
Microsoft Bing,apwg451514/2022-10/2022-10-29/2022-10-29-449075.png,Office365,Outdated
Facebook,apwg451514/2022-10/2022-10-13/2022-10-13-449765.png,Credit du Nord,Deletion
Facebook,apwg451514/2022-10/2022-10-13/2022-10-13-457049.png,Credit du Nord,Deletion
Microsoft Bing,apwg451514/2022-10/2022-10-13/2022-10-13-458974.png,Meridian Credit Union,0
Facebook,apwg451514/2022-10/2022-10-13/2022-10-13-461480.png,Credit du Nord,Deletion
Facebook,apwg451514/2022-10/2022-10-13/2022-10-13-468691.png,Credit du Nord,Deletion
Facebook,apwg451514/2022-10/2022-10-13/2022-10-13-476436.png,Credit du Nord,Deletion
Facebook,apwg451514/2022-10/2022-10-13/2022-10-13-477598.png,Credit du Nord,Deletion
Facebook,apwg451514/2022-10/2022-10-13/2022-10-13-480365.png,Credit Agricole S.A,Combination
Facebook,apwg451514/2022-10/2022-10-13/2022-10-13-480738.png,Credit du Nord,Deletion
DHL,apwg451514/2022-10/2022-10-15/2022-10-15-490602.png,Office365,Popup
Orange,apwg451514/2022-10/2022-10-15/2022-10-15-507809.png,Adobe,0
Orange,apwg451514/2022-10/2022-10-15/2022-10-15-514594.png,Adobe,0
DHL,apwg451514/2022-10/2022-10-15/2022-10-15-519903.png,NatWest Personal Banking,Popup
Instagram,apwg451514/2022-10/2022-10-28/2022-10-28-537851.png,Westpac Institutional Banking,0
Microsoft Bing,apwg451514/2022-10/2022-10-28/2022-10-28-539218.png,Office365,Outdated
Facebook,apwg451514/2022-10/2022-10-21/2022-10-21-863197.png,Meridian Credit Union,Combination
Orange,apwg451514/2022-10/2022-10-12/2022-10-12-938596.png,Adobe,0
Orange,apwg451514/2022-10/2022-10-12/2022-10-12-945898.png,Adobe,0
Microsoft Bing,apwg451514/2022-10/2022-10-05/2022-10-05-984854.png,Office365,Outdated
Facebook,apwg451514/2022-10/2022-10-08/2022-10-08-1081692.png,test_rite,Combination
Instagram,apwg451514/2022-10/2022-10-16/2022-10-16-1156406.png,Instagram,Location
DHL,apwg451514/2022-10/2022-10-06/2022-10-06-1203957.png,DHL,Deletion
Instagram,apwg451514/2022-10/2022-10-02/2022-10-02-1242096.png,Westpac Institutional Banking,0
Instagram,apwg451514/2022-10/2022-10-27/2022-10-27-1250137.png,Instagram,Location
DHL,apwg451514/2022-10/2022-10-27/2022-10-27-1251154.png,NatWest Personal Banking,Popup
Microsoft Bing,apwg451514/2022-10/2022-10-27/2022-10-27-1253755.png,Office365,Outdated
Microsoft Bing,apwg451514/2022-10/2022-10-27/2022-10-27-1258590.png,Office365,Outdated
AT&T,apwg451514/2022-10/2022-10-27/2022-10-27-1258760.png,AT&T,Combination
Microsoft Bing,apwg451514/2022-10/2022-10-27/2022-10-27-1261562.png,Office365,Outdated
Facebook,apwg451514/2022-10/2022-10-18/2022-10-18-1264986.png,Credit Agricole S.A,Combination
Facebook,apwg451514/2022-10/2022-10-18/2022-10-18-1318236.png,Cox Communications,Ratio or Scale
Facebook,apwg451514/2022-10/2022-10-18/2022-10-18-1321548.png,Instagram,Location
American Express,apwg451514/2022-10/2022-10-18/2022-10-18-1328913.png,American Express,0
Nedbank,apwg451514/2022-10/2022-10-31/2022-10-31-1332745.png,Naver,0
Instagram,apwg451514/2022-10/2022-10-31/2022-10-31-1340795.png,Instagram,Location
Nedbank,apwg451514/2022-10/2022-10-31/2022-10-31-1341394.png,Naver,0
Adobe,apwg451514/2022-11/2022-11-17/2022-11-17-20221.png,Adobe,0
Microsoft Bing,apwg451514/2022-11/2022-11-14/2022-11-14-36325.png,Office365,Outdated
Credit Suisse Group AG,apwg451514/2022-11/2022-11-30/2022-11-30-51309.png,Credit Suisse AG,Font
Facebook,apwg451514/2022-11/2022-11-30/2022-11-30-54579.png,hfe,Combination
Microsoft Bing,apwg451514/2022-11/2022-11-30/2022-11-30-54741.png,Office365,Outdated
Microsoft Bing,apwg451514/2022-11/2022-11-30/2022-11-30-54919.png,Office365,Outdated
Credit Suisse Group AG,apwg451514/2022-11/2022-11-30/2022-11-30-54970.png,Credit Suisse AG,Font
Microsoft Bing,apwg451514/2022-11/2022-11-13/2022-11-13-84377.png,Banco de Chile,Deletion
Microsoft Bing,apwg451514/2022-11/2022-11-13/2022-11-13-86090.png,Banco de Chile,Deletion
Facebook,apwg451514/2022-11/2022-11-13/2022-11-13-93235.png,test_rite,Combination
Microsoft Bing,apwg451514/2022-11/2022-11-23/2022-11-23-103552.png,Office365,Outdated
Microsoft Bing,apwg451514/2022-11/2022-11-23/2022-11-23-104767.png,Office365,Outdated
Microsoft Bing,apwg451514/2022-11/2022-11-23/2022-11-23-106221.png,Office365,Outdated
Adobe,apwg451514/2022-11/2022-11-01/2022-11-01-189355.png,Adobe,0
Credit Suisse Group AG,apwg451514/2022-11/2022-11-29/2022-11-29-195081.png,Credit Suisse AG,Font
Credit Suisse Group AG,apwg451514/2022-11/2022-11-29/2022-11-29-198600.png,Credit Suisse AG,Font
Microsoft Bing,apwg451514/2022-11/2022-11-04/2022-11-04-205731.png,Office365,Outdated
Instagram,apwg451514/2022-11/2022-11-04/2022-11-04-208444.png,Instagram,Combination
Facebook,apwg451514/2022-11/2022-11-03/2022-11-03-212570.png,Meridian Credit Union,Combination
Microsoft Bing,apwg451514/2022-11/2022-11-08/2022-11-08-243485.png,Meridian Credit Union,0
Facebook,apwg451514/2022-12/2022-12-29/2022-12-29-1216.png,LinkedIn Corporation,Combination
DHL,apwg451514/2022-12/2022-12-16/2022-12-16-11117.png,DHL,Deletion
AT&T,apwg451514/2022-12/2022-12-31/2022-12-31-52482.png,AT&T,Combination
Microsoft Bing,apwg451514/2022-12/2022-12-25/2022-12-25-56348.png,HSBC Bank,Deletion
Facebook,apwg451514/2022-12/2022-12-25/2022-12-25-56473.png,Credit du Nord,Deletion
Microsoft Bing,apwg451514/2022-12/2022-12-25/2022-12-25-59922.png,Maersk,Deletion
Facebook,apwg451514/2022-12/2022-12-25/2022-12-25-60063.png,Delta Air Lines,Popup
Microsoft Bing,apwg451514/2022-12/2022-12-25/2022-12-25-62037.png,Maersk,Deletion
Microsoft Bing,apwg451514/2022-12/2022-12-25/2022-12-25-63275.png,Maersk,Deletion
Facebook,apwg451514/2022-12/2022-12-30/2022-12-30-63667.png,Banco de Chile,0
Commonwealth Bank of Australia,apwg451514/2022-12/2022-12-30/2022-12-30-63886.png,Royal KPN N.V,0
Facebook,apwg451514/2022-12/2022-12-30/2022-12-30-63947.png,Banco de Chile,0
Instagram,apwg451514/2022-12/2022-12-15/2022-12-15-78756.png,Instagram,Location
Facebook,apwg451514/2022-12/2022-12-11/2022-12-11-96961.png,BB&T Corporation,Combination
Facebook,apwg451514/2022-12/2022-12-23/2022-12-23-101950.png,Credit du Nord,Deletion
Facebook,apwg451514/2022-12/2022-12-23/2022-12-23-103395.png,Banco de Chile,0
Microsoft Bing,apwg451514/2022-12/2022-12-01/2022-12-01-126876.png,Office365,Outdated
Credit Suisse Group AG,apwg451514/2022-12/2022-12-01/2022-12-01-129002.png,Credit Suisse AG,Font
Credit Suisse Group AG,apwg451514/2022-12/2022-12-01/2022-12-01-129235.png,Credit Suisse AG,Font
BT Group,apwg451514/2022-12/2022-12-01/2022-12-01-130369.png,BT Group plc,0
Microsoft Bing,apwg451514/2022-12/2022-12-01/2022-12-01-135229.png,Office365,Outdated
Facebook,apwg451514/2022-12/2022-12-28/2022-12-28-144424.png,Banco de Chile,0
Microsoft Bing,apwg451514/2022-12/2022-12-28/2022-12-28-145557.png,Office365,Outdated
BT Group,apwg451514/2022-12/2022-12-05/2022-12-05-152507.png,BT Group plc,0
Instagram,apwg451514/2022-12/2022-12-07/2022-12-07-167950.png,Instagram,Location
Microsoft Bing,apwg451514/2022-12/2022-12-24/2022-12-24-174041.png,Office365,Outdated
Microsoft Bing,apwg451514/2022-12/2022-12-24/2022-12-24-174323.png,Office365,Outdated
Facebook,apwg451514/2022-12/2022-12-24/2022-12-24-175152.png,Banco de Chile,0
Instagram,apwg451514/2022-12/2022-12-26/2022-12-26-207665.png,Instagram,Location
Facebook,apwg451514/2022-12/2022-12-26/2022-12-26-208816.png,Facebook,Color
Facebook,apwg451514/2022-12/2022-12-26/2022-12-26-209381.png,test_rite,Combination
Instagram,apwg451514/2022-12/2022-12-26/2022-12-26-209956.png,Instagram,Location
Facebook,apwg451514/2022-12/2022-12-26/2022-12-26-210993.png,test_rite,Combination
Instagram,apwg451514/2022-12/2022-12-26/2022-12-26-211049.png,Instagram,Location
Instagram,apwg451514/2022-12/2022-12-26/2022-12-26-211153.png,Instagram,Location
Apple,apwg451514/2022-12/2022-12-12/2022-12-12-228440.png,Standard Chartered Bank,0
Itau,apwg451514/2022-12/2022-12-12/2022-12-12-228769.png,Credit du Nord,0
Instagram,apwg451514/2022-12/2022-12-12/2022-12-12-230236.png,Instagram,Location
Microsoft Bing,apwg451514/2022-12/2022-12-06/2022-12-06-243404.png,Office365,Outdated
Microsoft Bing,apwg451514/2022-12/2022-12-06/2022-12-06-248618.png,Office365,Outdated
Microsoft Bing,apwg451514/2022-12/2022-12-13/2022-12-13-251278.png,Office365,Outdated
DHL,apwg451514/2022-12/2022-12-13/2022-12-13-258837.png,DHL,Deletion
AT&T,apwg451514/2022-12/2022-12-13/2022-12-13-261749.png,Credit du Nord,Combination
Commonwealth Bank of Australia,apwg451514/2022-12/2022-12-13/2022-12-13-262509.png,Royal KPN N.V,0
IONOS,apwg451514/2022-12/2022-12-13/2022-12-13-263353.png,Luno,Division
Microsoft Bing,apwg451514/2022-12/2022-12-13/2022-12-13-265493.png,Office365,Outdated
Microsoft Bing,apwg451514/2022-12/2022-12-03/2022-12-03-280049.png,Office365,Outdated
Instagram,apwg451514/2022-12/2022-12-22/2022-12-22-324982.png,Westpac Institutional Banking,0
Dropbox,apwg451514/2022-12/2022-12-09/2022-12-09-344381.png,Dropbox,0
BT Group,apwg451514/2022-12/2022-12-09/2022-12-09-345298.png,Huntington Bank,0
American Express,apwg451514/2022-12/2022-12-20/2022-12-20-351568.png,American Express,0
Facebook,apwg451514/2022-12/2022-12-20/2022-12-20-357145.png,Banco de Chile,0
DHL,apwg451514/2022-12/2022-12-10/2022-12-10-360867.png,DHL,Deletion
DHL,apwg451514/2022-12/2022-12-10/2022-12-10-362464.png,DHL,Deletion
Microsoft Bing,apwg451514/2023-01/2023-01-26/2023-01-26-1843.png,Office365,Outdated
Facebook,apwg451514/2023-01/2023-01-11/2023-01-11-12854.png,Banco de Chile,0
Facebook,apwg451514/2023-01/2023-01-11/2023-01-11-15935.png,Meridian Credit Union,Combination
Apple,apwg451514/2023-01/2023-01-11/2023-01-11-16744.png,Mobile.de,0
Telstra,apwg451514/2023-01/2023-01-06/2023-01-06-22828.png,Telstra Corporation Limited,0
Instagram,apwg451514/2023-01/2023-01-23/2023-01-23-42592.png,Instagram,Location
Facebook,apwg451514/2023-01/2023-01-23/2023-01-23-50902.png,Banco de Chile,0
Facebook,apwg451514/2023-01/2023-01-03/2023-01-03-57815.png,"Twitter, Inc",Combination
Facebook,apwg451514/2023-01/2023-01-02/2023-01-02-73792.png,test_rite,Combination
DHL,apwg451514/2023-01/2023-01-30/2023-01-30-89304.png,DHL,Deletion
Facebook,apwg451514/2023-01/2023-01-10/2023-01-10-100219.png,Banco de Chile,0
Facebook,apwg451514/2023-01/2023-01-05/2023-01-05-110956.png,Banco de Chile,0
Facebook,apwg451514/2023-01/2023-01-07/2023-01-07-116933.png,Commonwealth Bank of Australia,ScreenshotBackground
First National Bank,apwg451514/2023-01/2023-01-01/2023-01-01-118493.png,First National Bank SA,Division
Microsoft Bing,apwg451514/2023-01/2023-01-19/2023-01-19-125215.png,Office365,Outdated
DHL,apwg451514/2023-01/2023-01-19/2023-01-19-126793.png,DHL,Deletion
Instagram,apwg451514/2023-01/2023-01-09/2023-01-09-134526.png,Instagram,Location
Microsoft Bing,apwg451514/2023-01/2023-01-09/2023-01-09-134619.png,Office365,Outdated
Sparkasse,apwg451514/2023-01/2023-01-09/2023-01-09-136592.png,Sparkasse Bank,0
Facebook,apwg451514/2023-01/2023-01-09/2023-01-09-136755.png,Credit Agricole S.A,Shape
Microsoft Bing,apwg451514/2023-01/2023-01-18/2023-01-18-146496.png,Office365,Outdated
GoDaddy Inc.,apwg451514/2023-01/2023-01-20/2023-01-20-158769.png,Credit du Nord,0
Microsoft Bing,apwg451514/2023-01/2023-01-20/2023-01-20-163720.png,Office365,Outdated
Facebook,apwg451514/2023-01/2023-01-12/2023-01-12-169496.png,Banco de Chile,0
Instagram,apwg451514/2023-01/2023-01-16/2023-01-16-180305.png,Instagram,Location
Facebook,apwg451514/2023-01/2023-01-16/2023-01-16-187928.png,Banco de Chile,0
Instagram,apwg451514/2023-01/2023-01-31/2023-01-31-201068.png,Instagram,Location
Facebook,apwg451514/2023-01/2023-01-21/2023-01-21-219896.png,test_rite,Combination
DHL,apwg451514/2023-01/2023-01-21/2023-01-21-220174.png,DHL,Deletion
Facebook,apwg451514/2023-01/2023-01-04/2023-01-04-242809.png,Banco de Chile,0
Facebook,apwg451514/2023-01/2023-01-04/2023-01-04-245017.png,Banco de Chile,0
Microsoft Bing,apwg451514/2023-01/2023-01-25/2023-01-25-246961.png,Office365,Outdated
Facebook,apwg451514/2023-01/2023-01-25/2023-01-25-256449.png,Meridian Credit Union,Combination
Microsoft Bing,apwg451514/2023-01/2023-01-25/2023-01-25-258824.png,Office365,Outdated
Microsoft Bing,apwg451514/2023-01/2023-01-27/2023-01-27-274349.png,Office365,Outdated
Microsoft Bing,apwg451514/2023-01/2023-01-27/2023-01-27-280160.png,Office365,Outdated
eBay,apwg451514/2023-02/2023-02-13/2023-02-13-2809.png,Canadian Imperial Bank of Commerce,0
AT&T,apwg451514/2023-02/2023-02-22/2023-02-22-4643.png,"Twitter, Inc",Combination
Instagram,apwg451514/2023-02/2023-02-25/2023-02-25-6876.png,Instagram,Location
Instagram,apwg451514/2023-02/2023-02-25/2023-02-25-7839.png,Instagram,Location
Facebook,apwg451514/2023-02/2023-02-12/2023-02-12-19521.png,Office365,Color
Facebook,apwg451514/2023-02/2023-02-14/2023-02-14-37480.png,Office365,Color
AT&T,apwg451514/2023-02/2023-02-17/2023-02-17-44863.png,"Twitter, Inc",Combination
Facebook,apwg451514/2023-02/2023-02-17/2023-02-17-44924.png,Banco de Chile,0
eBay,apwg451514/2023-02/2023-02-17/2023-02-17-46094.png,Canadian Imperial Bank of Commerce,0
WhatsApp,apwg451514/2023-02/2023-02-07/2023-02-07-69172.png,WhatsApp,Popup
Microsoft Bing,apwg451514/2023-02/2023-02-07/2023-02-07-72156.png,Office365,Outdated
Microsoft Bing,apwg451514/2023-02/2023-02-07/2023-02-07-72338.png,Office365,Outdated
AT&T,apwg451514/2023-02/2023-02-16/2023-02-16-84548.png,"Twitter, Inc",Replacement
Microsoft Bing,apwg451514/2023-02/2023-02-02/2023-02-02-93864.png,Office365,Outdated
AT&T,apwg451514/2023-02/2023-02-23/2023-02-23-100123.png,Cox Communications,0
Facebook,apwg451514/2023-02/2023-02-15/2023-02-15-102715.png,Banco de Chile,0
Facebook,apwg451514/2023-02/2023-02-15/2023-02-15-103079.png,Banco de Chile,0
Facebook,apwg451514/2023-02/2023-02-15/2023-02-15-103646.png,Banco de Chile,0
WhatsApp,apwg451514/2023-02/2023-02-06/2023-02-06-106022.png,WhatsApp,Popup
Facebook,apwg451514/2023-02/2023-02-06/2023-02-06-113625.png,Delta Air Lines,Popup
Microsoft Bing,apwg451514/2023-02/2023-02-01/2023-02-01-114905.png,Office365,Outdated
Microsoft Bing,apwg451514/2023-02/2023-02-01/2023-02-01-116200.png,Office365,Outdated
DHL,apwg451514/2023-02/2023-02-01/2023-02-01-124594.png,DHL,Deletion
Microsoft Bing,apwg451514/2023-02/2023-02-01/2023-02-01-131519.png,Office365,Outdated
Societe Generale Group,apwg451514/2023-02/2023-02-04/2023-02-04-149461.png,gov_uk,AddTextClose
Facebook,apwg451514/2023-03/2023-03-09/2023-03-09-2452.png,1&1 Ionos,Color
Facebook,apwg451514/2023-03/2023-03-14/2023-03-14-12891.png,Bet365,Combination
Facebook,apwg451514/2023-03/2023-03-03/2023-03-03-28572.png,Banco de Chile,0
Instagram,apwg451514/2023-03/2023-03-10/2023-03-10-29068.png,Instagram,Location
IONOS,apwg451514/2023-03/2023-03-06/2023-03-06-35708.png,Luno,Division
Facebook,apwg451514/2023-03/2023-03-06/2023-03-06-35826.png,Banco de Chile,0
eBay,apwg451514/2023-04/2023-04-16/2023-04-16-17453.png,Canadian Imperial Bank of Commerce,0
Facebook,apwg451514/2023-04/2023-04-16/2023-04-16-18247.png,MWeb,Case
Facebook,apwg451514/2023-04/2023-04-02/2023-04-02-21468.png,LinkedIn Corporation,Combination
Facebook,apwg451514/2023-04/2023-04-26/2023-04-26-38664.png,Commonwealth Bank of Australia,ScreenshotBackground
Facebook,apwg451514/2023-04/2023-04-26/2023-04-26-38749.png,Commonwealth Bank of Australia,ScreenshotBackground
Facebook,apwg451514/2023-04/2023-04-26/2023-04-26-38910.png,Commonwealth Bank of Australia,ScreenshotBackground
Facebook,apwg451514/2023-04/2023-04-26/2023-04-26-39397.png,Commonwealth Bank of Australia,ScreenshotBackground
Facebook,apwg451514/2023-04/2023-04-29/2023-04-29-70568.png,test_rite,Combination
Facebook,apwg451514/2023-04/2023-04-03/2023-04-03-78256.png,Delta Air Lines,Popup
PayPal,apwg451514/2023-04/2023-04-03/2023-04-03-81725.png,PayPal,0
Facebook,apwg451514/2023-04/2023-04-24/2023-04-24-82801.png,1&1 Ionos,Color
Facebook,apwg451514/2023-04/2023-04-24/2023-04-24-83302.png,hfe,Combination
Facebook,apwg451514/2023-04/2023-04-24/2023-04-24-83530.png,Square,0
WhatsApp,apwg451514/2023-04/2023-04-24/2023-04-24-83915.png,WhatsApp,Popup
Instagram,apwg451514/2023-05/2023-05-17/2023-05-17-111.png,Instagram,Background
Facebook,apwg451514/2023-05/2023-05-31/2023-05-31-21915.png,Banco do Brasil S.A,AddText
Facebook,apwg451514/2023-05/2023-05-31/2023-05-31-21940.png,Banco do Brasil S.A,AddText
Facebook,apwg451514/2023-05/2023-05-31/2023-05-31-22044.png,Banco do Brasil S.A,AddText
Facebook,apwg451514/2023-05/2023-05-31/2023-05-31-22688.png,Banco do Brasil S.A,AddText
Facebook,apwg451514/2023-05/2023-05-31/2023-05-31-22898.png,Banco do Brasil S.A,AddText
Facebook,apwg451514/2023-05/2023-05-31/2023-05-31-23564.png,Banco do Brasil S.A,AddText
Facebook,apwg451514/2023-05/2023-05-31/2023-05-31-23923.png,Facebook,Color
Facebook,apwg451514/2023-05/2023-05-31/2023-05-31-23968.png,Banco do Brasil S.A,AddText
Facebook,apwg451514/2023-05/2023-05-31/2023-05-31-23971.png,Facebook,Color
Facebook,apwg451514/2023-05/2023-05-31/2023-05-31-24271.png,Banco do Brasil S.A,AddText
Apple,apwg451514/2023-05/2023-05-23/2023-05-23-31036.png,DGI (French Tax Authority),0
Facebook,apwg451514/2023-05/2023-05-26/2023-05-26-39237.png,Government of Canada,AddText
Facebook,apwg451514/2023-05/2023-05-26/2023-05-26-42809.png,Government of Canada,AddText
Facebook,apwg451514/2023-05/2023-05-26/2023-05-26-43895.png,Government of Canada,AddText
Facebook,apwg451514/2023-05/2023-05-26/2023-05-26-45237.png,Government of Canada,AddText
Outlook,apwg451514/2023-05/2023-05-25/2023-05-25-48528.png,Outlook,0
Facebook,apwg451514/2023-05/2023-05-25/2023-05-25-50000.png,Banco do Brasil S.A,AddText
Facebook,apwg451514/2023-05/2023-05-03/2023-05-03-53453.png,MWeb,Case
Facebook,apwg451514/2023-05/2023-05-03/2023-05-03-54525.png,MWeb,Case
Facebook,apwg451514/2023-05/2023-05-22/2023-05-22-82637.png,Government of Canada,AddText
Facebook,apwg451514/2023-05/2023-05-22/2023-05-22-82846.png,Government of Canada,AddText
Facebook,apwg451514/2023-05/2023-05-22/2023-05-22-83172.png,Commonwealth Bank of Australia,AddText
Facebook,apwg451514/2023-05/2023-05-22/2023-05-22-83313.png,Government of Canada,AddText
Facebook,apwg451514/2023-05/2023-05-22/2023-05-22-83544.png,Government of Canada,AddText
Facebook,apwg451514/2023-05/2023-05-22/2023-05-22-84137.png,Government of Canada,AddText
Facebook,apwg451514/2023-05/2023-05-22/2023-05-22-84458.png,Commonwealth Bank of Australia,ScreenshotBackground
Facebook,apwg451514/2023-05/2023-05-22/2023-05-22-85349.png,Commonwealth Bank of Australia,ScreenshotBackground
Facebook,apwg451514/2023-05/2023-05-22/2023-05-22-85822.png,Commonwealth Bank of Australia,ScreenshotBackground
Facebook,apwg451514/2023-05/2023-05-22/2023-05-22-85896.png,Government of Canada,AddText
Facebook,apwg451514/2023-05/2023-05-22/2023-05-22-86132.png,Commonwealth Bank of Australia,ScreenshotBackground
Facebook,apwg451514/2023-05/2023-05-21/2023-05-21-89568.png,Square,0
Facebook,apwg451514/2023-05/2023-05-24/2023-05-24-93673.png,Square,0
Facebook,apwg451514/2023-05/2023-05-28/2023-05-28-112242.png,Bankia,ScreenshotBackground
Facebook,apwg451514/2023-05/2023-05-28/2023-05-28-112451.png,Government of Canada,AddText
Facebook,apwg451514/2023-05/2023-05-28/2023-05-28-115196.png,Bankia,ScreenshotBackground
Facebook,apwg451514/2023-05/2023-05-28/2023-05-28-115456.png,Government of Canada,AddText
Facebook,apwg451514/2023-05/2023-05-28/2023-05-28-115842.png,Bankia,ScreenshotBackground
Facebook,apwg451514/2023-05/2023-05-28/2023-05-28-115896.png,Bankia,ScreenshotBackground
Facebook,apwg451514/2023-05/2023-05-28/2023-05-28-117175.png,Government of Canada,AddText
Facebook,apwg451514/2023-05/2023-05-28/2023-05-28-118504.png,Government of Canada,AddText
Facebook,apwg451514/2023-05/2023-05-28/2023-05-28-118526.png,Bankia,ScreenshotBackground
Facebook,apwg451514/2023-05/2023-05-28/2023-05-28-118560.png,Bankia,ScreenshotBackground
Facebook,apwg451514/2023-05/2023-05-28/2023-05-28-119287.png,Government of Canada,AddText
Facebook,apwg451514/2023-05/2023-05-28/2023-05-28-119784.png,Government of Canada,AddText
Facebook,apwg451514/2023-05/2023-05-28/2023-05-28-119847.png,Bankia,ScreenshotBackground
Facebook,apwg451514/2023-05/2023-05-28/2023-05-28-119943.png,Bankia,ScreenshotBackground
Facebook,apwg451514/2023-05/2023-05-28/2023-05-28-121178.png,Bankia,ScreenshotBackground
eBay,apwg451514/2023-05/2023-05-15/2023-05-15-124108.png,Canadian Imperial Bank of Commerce,0
Facebook,apwg451514/2023-05/2023-05-29/2023-05-29-128358.png,Government of Canada,AddText
Facebook,apwg451514/2023-05/2023-05-29/2023-05-29-128425.png,Government of Canada,AddText
Facebook,apwg451514/2023-05/2023-05-29/2023-05-29-128527.png,Government of Canada,AddText
Facebook,apwg451514/2023-05/2023-05-29/2023-05-29-129182.png,Government of Canada,AddText
Facebook,apwg451514/2023-05/2023-05-29/2023-05-29-129273.png,Bankia,ScreenshotBackground
Facebook,apwg451514/2023-05/2023-05-29/2023-05-29-129350.png,Government of Canada,AddText
Facebook,apwg451514/2023-05/2023-05-29/2023-05-29-130327.png,Bankia,ScreenshotBackground
Facebook,apwg451514/2023-05/2023-05-29/2023-05-29-130447.png,Bankia,ScreenshotBackground
Facebook,apwg451514/2023-05/2023-05-29/2023-05-29-130996.png,Government of Canada,AddText
Facebook,apwg451514/2023-05/2023-05-29/2023-05-29-131099.png,Bankia,ScreenshotBackground
Facebook,apwg451514/2023-05/2023-05-29/2023-05-29-131469.png,Bankia,ScreenshotBackground
Facebook,apwg451514/2023-05/2023-05-29/2023-05-29-131875.png,Government of Canada,AddText
Facebook,apwg451514/2023-05/2023-05-29/2023-05-29-132315.png,Government of Canada,AddText
Facebook,apwg451514/2023-05/2023-05-29/2023-05-29-132345.png,Government of Canada,AddText
Facebook,apwg451514/2023-05/2023-05-29/2023-05-29-133616.png,Bankia,ScreenshotBackground
Facebook,apwg451514/2023-05/2023-05-29/2023-05-29-133647.png,Banco do Brasil S.A,ScreenshotBackground
WhatsApp,apwg451514/2023-05/2023-05-10/2023-05-10-136459.png,WhatsApp,Popup
Facebook,apwg451514/2023-05/2023-05-14/2023-05-14-140804.png,hfe,Combination
Facebook,apwg451514/2023-06/2023-06-10/2023-06-10-7804.png,Government of Canada,AddText
Facebook,apwg451514/2023-06/2023-06-10/2023-06-10-8364.png,Government of Canada,AddText
Facebook,apwg451514/2023-06/2023-06-10/2023-06-10-10362.png,Government of Canada,AddText
Facebook,apwg451514/2023-06/2023-06-02/2023-06-02-14897.png,Banco do Brasil S.A,AddText
Facebook,apwg451514/2023-06/2023-06-02/2023-06-02-15954.png,Banco do Brasil S.A,AddText
Facebook,apwg451514/2023-06/2023-06-02/2023-06-02-16033.png,Wells Fargo & Company,AddText
Facebook,apwg451514/2023-06/2023-06-02/2023-06-02-16265.png,Banco do Brasil S.A,AddText
Facebook,apwg451514/2023-06/2023-06-02/2023-06-02-16474.png,Wells Fargo & Company,AddText
Facebook,apwg451514/2023-06/2023-06-02/2023-06-02-16696.png,Bank Al Habib,AddText
Facebook,apwg451514/2023-06/2023-06-02/2023-06-02-16927.png,Banco do Brasil S.A,AddText
Facebook,apwg451514/2023-06/2023-06-02/2023-06-02-16944.png,postbank,AddText
Facebook,apwg451514/2023-06/2023-06-02/2023-06-02-17122.png,Bank Al Habib,AddText
Facebook,apwg451514/2023-06/2023-06-02/2023-06-02-17204.png,Banco do Brasil S.A,AddText
Facebook,apwg451514/2023-06/2023-06-02/2023-06-02-17283.png,Banco do Brasil S.A,AddText
Facebook,apwg451514/2023-06/2023-06-02/2023-06-02-17759.png,Banco do Brasil S.A,AddText
Facebook,apwg451514/2023-06/2023-06-02/2023-06-02-18008.png,Wells Fargo & Company,AddText
Facebook,apwg451514/2023-06/2023-06-02/2023-06-02-18401.png,Banco do Brasil S.A,AddText
Facebook,apwg451514/2023-06/2023-06-02/2023-06-02-18449.png,Wells Fargo & Company,AddText
Facebook,apwg451514/2023-06/2023-06-02/2023-06-02-18479.png,Banco do Brasil S.A,AddText
Facebook,apwg451514/2023-06/2023-06-02/2023-06-02-18856.png,Banco do Brasil S.A,AddText
Facebook,apwg451514/2023-06/2023-06-02/2023-06-02-19209.png,Banco do Brasil S.A,AddText
Facebook,apwg451514/2023-06/2023-06-02/2023-06-02-19286.png,Bank Al Habib,AddText
Facebook,apwg451514/2023-06/2023-06-02/2023-06-02-20378.png,Banco do Brasil S.A,AddText
Facebook,apwg451514/2023-06/2023-06-02/2023-06-02-20402.png,Banco do Brasil S.A,AddText
Facebook,apwg451514/2023-06/2023-06-02/2023-06-02-20444.png,Banco do Brasil S.A,AddText
Facebook,apwg451514/2023-06/2023-06-02/2023-06-02-21074.png,Banco do Brasil S.A,AddText
Facebook,apwg451514/2023-06/2023-06-02/2023-06-02-21729.png,Banco do Brasil S.A,AddText
Facebook,apwg451514/2023-06/2023-06-02/2023-06-02-21868.png,Wells Fargo & Company,AddText
Facebook,apwg451514/2023-06/2023-06-02/2023-06-02-22039.png,Banco do Brasil S.A,AddText
Facebook,apwg451514/2023-06/2023-06-02/2023-06-02-22071.png,Banco do Brasil S.A,AddText
Facebook,apwg451514/2023-06/2023-06-02/2023-06-02-22578.png,Banco do Brasil S.A,AddText
Facebook,apwg451514/2023-06/2023-06-02/2023-06-02-22645.png,Banco do Brasil S.A,AddText
Facebook,apwg451514/2023-06/2023-06-02/2023-06-02-22808.png,Wells Fargo & Company,AddText
Facebook,apwg451514/2023-06/2023-06-02/2023-06-02-22979.png,Wells Fargo & Company,AddText
Facebook,apwg451514/2023-06/2023-06-02/2023-06-02-22992.png,postbank,AddText
Facebook,apwg451514/2023-06/2023-06-02/2023-06-02-23002.png,Banco do Brasil S.A,AddText
Facebook,apwg451514/2023-06/2023-06-02/2023-06-02-23496.png,Banco do Brasil S.A,AddText
Facebook,apwg451514/2023-06/2023-06-02/2023-06-02-23835.png,Banco do Brasil S.A,AddText
Facebook,apwg451514/2023-06/2023-06-02/2023-06-02-23981.png,Banco do Brasil S.A,AddText
Facebook,apwg451514/2023-06/2023-06-02/2023-06-02-24029.png,Banco do Brasil S.A,AddText
Facebook,apwg451514/2023-06/2023-06-02/2023-06-02-24421.png,Wells Fargo & Company,AddText
Facebook,apwg451514/2023-06/2023-06-02/2023-06-02-25362.png,Wells Fargo & Company,AddText
Facebook,apwg451514/2023-06/2023-06-02/2023-06-02-25527.png,Wells Fargo & Company,AddText
Facebook,apwg451514/2023-06/2023-06-02/2023-06-02-25906.png,Banco do Brasil S.A,AddText
Facebook,apwg451514/2023-06/2023-06-02/2023-06-02-26040.png,Banco do Brasil S.A,AddText
Facebook,apwg451514/2023-06/2023-06-02/2023-06-02-26147.png,Banco do Brasil S.A,AddText
Facebook,apwg451514/2023-06/2023-06-02/2023-06-02-26188.png,Banco do Brasil S.A,AddText
Facebook,apwg451514/2023-06/2023-06-02/2023-06-02-26325.png,postbank,AddText
Facebook,apwg451514/2023-06/2023-06-02/2023-06-02-26632.png,Banco do Brasil S.A,AddText
Facebook,apwg451514/2023-06/2023-06-02/2023-06-02-26998.png,Banco do Brasil S.A,AddText
Facebook,apwg451514/2023-06/2023-06-02/2023-06-02-27268.png,Banco do Brasil S.A,AddText
Facebook,apwg451514/2023-06/2023-06-02/2023-06-02-27510.png,Banco do Brasil S.A,AddText
Facebook,apwg451514/2023-06/2023-06-02/2023-06-02-27544.png,Facebook,Color
Facebook,apwg451514/2023-06/2023-06-02/2023-06-02-27809.png,Banco do Brasil S.A,AddText
Facebook,apwg451514/2023-06/2023-06-02/2023-06-02-28297.png,Banco do Brasil S.A,AddText
Facebook,apwg451514/2023-06/2023-06-02/2023-06-02-28478.png,Banco do Brasil S.A,AddText
Facebook,apwg451514/2023-06/2023-06-02/2023-06-02-28571.png,postbank,AddText
Facebook,apwg451514/2023-06/2023-06-02/2023-06-02-28938.png,Banco do Brasil S.A,AddText
Facebook,apwg451514/2023-06/2023-06-02/2023-06-02-29038.png,Banco do Brasil S.A,AddText
Facebook,apwg451514/2023-06/2023-06-02/2023-06-02-29050.png,Banco do Brasil S.A,AddText
Facebook,apwg451514/2023-06/2023-06-28/2023-06-28-31840.png,1&1 Ionos,Color
Facebook,apwg451514/2023-06/2023-06-28/2023-06-28-32868.png,1&1 Ionos,Color
Facebook,apwg451514/2023-06/2023-06-07/2023-06-07-35778.png,1&1 Ionos,Color
Facebook,apwg451514/2023-06/2023-06-07/2023-06-07-40919.png,Government of Canada,AddText
Facebook,apwg451514/2023-06/2023-06-07/2023-06-07-41122.png,Government of Canada,AddText
Facebook,apwg451514/2023-06/2023-06-27/2023-06-27-50370.png,Adobe,TextAsLogo
Facebook,apwg451514/2023-06/2023-06-04/2023-06-04-58541.png,Bankia,ScreenshotBackground
Facebook,apwg451514/2023-06/2023-06-04/2023-06-04-58690.png,Bankia,ScreenshotBackground
Facebook,apwg451514/2023-06/2023-06-04/2023-06-04-59591.png,Bankia,ScreenshotBackground
Facebook,apwg451514/2023-06/2023-06-04/2023-06-04-59665.png,Bankia,ScreenshotBackground
Facebook,apwg451514/2023-06/2023-06-04/2023-06-04-60299.png,Bankia,ScreenshotBackground
Facebook,apwg451514/2023-06/2023-06-04/2023-06-04-61687.png,Government of Canada,AddText
Facebook,apwg451514/2023-06/2023-06-04/2023-06-04-62973.png,Government of Canada,AddText
Facebook,apwg451514/2023-06/2023-06-04/2023-06-04-63063.png,Government of Canada,AddText
Facebook,apwg451514/2023-06/2023-06-04/2023-06-04-63471.png,Government of Canada,AddText
Facebook,apwg451514/2023-06/2023-06-04/2023-06-04-63834.png,Bankia,ScreenshotBackground
Facebook,apwg451514/2023-06/2023-06-04/2023-06-04-63948.png,Bankia,ScreenshotBackground
Facebook,apwg451514/2023-06/2023-06-04/2023-06-04-64821.png,Bankia,ScreenshotBackground
Facebook,apwg451514/2023-06/2023-06-04/2023-06-04-64865.png,Bankia,ScreenshotBackground
Facebook,apwg451514/2023-06/2023-06-04/2023-06-04-64954.png,Bankia,ScreenshotBackground
Facebook,apwg451514/2023-06/2023-06-04/2023-06-04-64981.png,Bankia,ScreenshotBackground
Facebook,apwg451514/2023-06/2023-06-04/2023-06-04-65817.png,Bankia,ScreenshotBackground
Facebook,apwg451514/2023-06/2023-06-04/2023-06-04-66178.png,Bankia,ScreenshotBackground
Facebook,apwg451514/2023-06/2023-06-04/2023-06-04-66429.png,Bankia,ScreenshotBackground
Facebook,apwg451514/2023-06/2023-06-04/2023-06-04-67636.png,Government of Canada,AddText
Facebook,apwg451514/2023-06/2023-06-04/2023-06-04-68078.png,Bankia,ScreenshotBackground
Facebook,apwg451514/2023-06/2023-06-04/2023-06-04-68542.png,Bankia,ScreenshotBackground
Facebook,apwg451514/2023-06/2023-06-24/2023-06-24-68897.png,postbank,ScreenshotBackground
Facebook,apwg451514/2023-06/2023-06-24/2023-06-24-71598.png,Facebook,Combination
Sumitomo Mitsui Banking Corporation,apwg451514/2023-06/2023-06-26/2023-06-26-73785.png,SMBC,0
Facebook,apwg451514/2023-06/2023-06-01/2023-06-01-76697.png,Government of Canada,AddText
Facebook,apwg451514/2023-06/2023-06-01/2023-06-01-78019.png,Government of Canada,AddText
Facebook,apwg451514/2023-06/2023-06-01/2023-06-01-80852.png,Government of Canada,AddText
Facebook,apwg451514/2023-06/2023-06-05/2023-06-05-85135.png,Government of Canada,AddText
Facebook,apwg451514/2023-06/2023-06-05/2023-06-05-86924.png,Societe Generale,0
Facebook,apwg451514/2023-06/2023-06-05/2023-06-05-89652.png,Government of Canada,AddText
Facebook,apwg451514/2023-06/2023-06-05/2023-06-05-90029.png,Government of Canada,AddText
Facebook,apwg451514/2023-06/2023-06-05/2023-06-05-90460.png,Societe Generale,0
Facebook,apwg451514/2023-06/2023-06-05/2023-06-05-90824.png,Government of Canada,AddText
Facebook,apwg451514/2023-06/2023-06-05/2023-06-05-90924.png,Government of Canada,AddText
Sumitomo Mitsui Banking Corporation,apwg451514/2023-06/2023-06-23/2023-06-23-94652.png,SMBC,0
Sumitomo Mitsui Banking Corporation,apwg451514/2023-06/2023-06-23/2023-06-23-94785.png,SMBC,0
Sumitomo Mitsui Banking Corporation,apwg451514/2023-06/2023-06-23/2023-06-23-96994.png,SMBC,0
Sumitomo Mitsui Banking Corporation,apwg451514/2023-06/2023-06-23/2023-06-23-98297.png,SMBC,0
Sumitomo Mitsui Banking Corporation,apwg451514/2023-06/2023-06-23/2023-06-23-99347.png,SMBC,0
Sumitomo Mitsui Banking Corporation,apwg451514/2023-06/2023-06-23/2023-06-23-100357.png,SMBC,0
Sumitomo Mitsui Banking Corporation,apwg451514/2023-06/2023-06-23/2023-06-23-100739.png,SMBC,0
Facebook,apwg451514/2023-06/2023-06-23/2023-06-23-101169.png,Credit du Nord,AddText
Sumitomo Mitsui Banking Corporation,apwg451514/2023-06/2023-06-23/2023-06-23-101562.png,SMBC,0
Sumitomo Mitsui Banking Corporation,apwg451514/2023-06/2023-06-23/2023-06-23-101911.png,SMBC,0
Sumitomo Mitsui Banking Corporation,apwg451514/2023-06/2023-06-23/2023-06-23-102892.png,SMBC,0
Sumitomo Mitsui Banking Corporation,apwg451514/2023-06/2023-06-23/2023-06-23-104559.png,SMBC,0
Sumitomo Mitsui Banking Corporation,apwg451514/2023-06/2023-06-23/2023-06-23-105909.png,SMBC,0
Sumitomo Mitsui Banking Corporation,apwg451514/2023-06/2023-06-23/2023-06-23-106219.png,SMBC,0
Sumitomo Mitsui Banking Corporation,apwg451514/2023-06/2023-06-23/2023-06-23-106260.png,SMBC,0
Sumitomo Mitsui Banking Corporation,apwg451514/2023-06/2023-06-23/2023-06-23-106889.png,SMBC,0
Sumitomo Mitsui Banking Corporation,apwg451514/2023-06/2023-06-23/2023-06-23-107098.png,SMBC,0
Sumitomo Mitsui Banking Corporation,apwg451514/2023-06/2023-06-23/2023-06-23-107280.png,SMBC,0
Sumitomo Mitsui Banking Corporation,apwg451514/2023-06/2023-06-23/2023-06-23-108536.png,SMBC,0
Sumitomo Mitsui Banking Corporation,apwg451514/2023-06/2023-06-23/2023-06-23-109211.png,SMBC,0
Sumitomo Mitsui Banking Corporation,apwg451514/2023-06/2023-06-23/2023-06-23-109257.png,SMBC,0
Sumitomo Mitsui Banking Corporation,apwg451514/2023-06/2023-06-23/2023-06-23-109414.png,SMBC,0
Facebook,apwg451514/2023-06/2023-06-23/2023-06-23-110289.png,Facebook,Combination
Facebook,apwg451514/2023-06/2023-06-23/2023-06-23-110923.png,Maersk,Shape
Sumitomo Mitsui Banking Corporation,apwg451514/2023-06/2023-06-23/2023-06-23-111542.png,SMBC,0
Sumitomo Mitsui Banking Corporation,apwg451514/2023-06/2023-06-23/2023-06-23-112198.png,SMBC,0
Facebook,apwg451514/2023-06/2023-06-12/2023-06-12-113460.png,Banco do Brasil S.A,AddText
Instagram,apwg451514/2023-06/2023-06-12/2023-06-12-117639.png,Westpac Institutional Banking,0
Facebook,apwg451514/2023-06/2023-06-22/2023-06-22-121350.png,Meridian Credit Union,Outdated
Facebook,apwg451514/2023-06/2023-06-22/2023-06-22-121665.png,Banco do Brasil S.A,ScreenshotBackground
Facebook,apwg451514/2023-06/2023-06-22/2023-06-22-122165.png,Trade Me NZ,AddText
Facebook,apwg451514/2023-06/2023-06-22/2023-06-22-123282.png,Trade Me NZ,AddText
Facebook,apwg451514/2023-06/2023-06-22/2023-06-22-123329.png,Trade Me NZ,AddText
Facebook,apwg451514/2023-06/2023-06-22/2023-06-22-123578.png,Trade Me NZ,AddText
Facebook,apwg451514/2023-06/2023-06-22/2023-06-22-126917.png,Trade Me NZ,AddText
Facebook,apwg451514/2023-06/2023-06-22/2023-06-22-127589.png,Trade Me NZ,AddText
Facebook,apwg451514/2023-06/2023-06-22/2023-06-22-128557.png,Trade Me NZ,AddText
Facebook,apwg451514/2023-06/2023-06-22/2023-06-22-128669.png,Banco do Brasil S.A,AddText
Facebook,apwg451514/2023-06/2023-06-22/2023-06-22-129046.png,Trade Me NZ,AddText
Facebook,apwg451514/2023-06/2023-06-16/2023-06-16-132630.png,Maersk,Shape
Facebook,apwg451514/2023-06/2023-06-19/2023-06-19-137736.png,postbank,AddText
Facebook,apwg451514/2023-06/2023-06-19/2023-06-19-139152.png,Commonwealth Bank of Australia,ScreenshotBackground
Facebook,apwg451514/2023-06/2023-06-19/2023-06-19-139445.png,postbank,AddText
Facebook,apwg451514/2023-06/2023-06-19/2023-06-19-143995.png,Banco do Brasil S.A,ScreenshotBackground
Facebook,apwg451514/2023-06/2023-06-19/2023-06-19-144315.png,postbank,AddText
Facebook,apwg451514/2023-06/2023-06-19/2023-06-19-146000.png,Banco do Brasil S.A,ScreenshotBackground
Facebook,apwg451514/2023-06/2023-06-19/2023-06-19-147130.png,postbank,AddText
Facebook,apwg451514/2023-06/2023-06-19/2023-06-19-148803.png,Banco do Brasil S.A,ScreenshotBackground
Instagram,apwg451514/2023-06/2023-06-20/2023-06-20-155611.png,Westpac Institutional Banking,0
Facebook,apwg451514/2023-06/2023-06-20/2023-06-20-157746.png,Banco do Brasil S.A,AddText
Facebook,apwg451514/2023-06/2023-06-20/2023-06-20-158995.png,DHL,AddText
Facebook,apwg451514/2023-06/2023-06-20/2023-06-20-161340.png,DHL,AddText
Credit Agricole,apwg451514/2023-06/2023-06-30/2023-06-30-169058.png,DGI (French Tax Authority),Outdated
Facebook,apwg451514/2023-06/2023-06-30/2023-06-30-169286.png,1&1 Ionos,Color
AT&T,apwg451514/2023-06/2023-06-30/2023-06-30-169583.png,AT&T,Combination
Facebook,apwg451514/2023-06/2023-06-08/2023-06-08-172489.png,Banco do Brasil S.A,AddText
Facebook,apwg451514/2023-06/2023-06-08/2023-06-08-172848.png,Government of Canada,AddText
Facebook,apwg451514/2023-06/2023-06-08/2023-06-08-173248.png,Facebook,TextAsLogo
Facebook,apwg451514/2023-06/2023-06-06/2023-06-06-175464.png,Bankia,ScreenshotBackground
Facebook,apwg451514/2023-06/2023-06-06/2023-06-06-177010.png,Bankia,ScreenshotBackground
Facebook,apwg451514/2023-06/2023-06-06/2023-06-06-177755.png,Bankia,ScreenshotBackground
Facebook,apwg451514/2023-06/2023-06-06/2023-06-06-178182.png,Bankia,ScreenshotBackground
Facebook,apwg451514/2023-06/2023-06-06/2023-06-06-178230.png,Bankia,ScreenshotBackground
Facebook,apwg451514/2023-06/2023-06-06/2023-06-06-180556.png,Bankia,ScreenshotBackground
Facebook,apwg451514/2023-06/2023-06-06/2023-06-06-181046.png,Bankia,ScreenshotBackground
Facebook,apwg451514/2023-06/2023-06-06/2023-06-06-182131.png,Bankia,ScreenshotBackground
Facebook,apwg451514/2023-06/2023-06-06/2023-06-06-182874.png,Bankia,ScreenshotBackground
Facebook,apwg451514/2023-06/2023-06-06/2023-06-06-183309.png,Bankia,ScreenshotBackground
Facebook,apwg451514/2023-06/2023-06-06/2023-06-06-183381.png,Bankia,ScreenshotBackground
Facebook,apwg451514/2023-06/2023-06-06/2023-06-06-183579.png,Bankia,ScreenshotBackground
Facebook,apwg451514/2023-06/2023-06-06/2023-06-06-183634.png,Government of Canada,AddText
Facebook,apwg451514/2023-06/2023-06-06/2023-06-06-184298.png,Banco do Brasil S.A,AddText
Facebook,apwg451514/2023-06/2023-06-06/2023-06-06-186457.png,Bankia,ScreenshotBackground
Facebook,apwg451514/2023-06/2023-06-18/2023-06-18-188067.png,Banco do Brasil S.A,AddText
Facebook,apwg451514/2023-07/2023-07-10/2023-07-10-4287.png,Deutsche Telekom,Deletion
Facebook,apwg451514/2023-07/2023-07-10/2023-07-10-6210.png,postbank,AddText
Facebook,apwg451514/2023-07/2023-07-10/2023-07-10-7624.png,1&1 Ionos,Color
Credit Agricole,apwg451514/2023-07/2023-07-31/2023-07-31-17371.png,DGI (French Tax Authority),Outdated
Facebook,apwg451514/2023-07/2023-07-01/2023-07-01-19983.png,HSBC Bank,0
Facebook,apwg451514/2023-07/2023-07-14/2023-07-14-22386.png,Commonwealth Bank of Australia,Case
Facebook,apwg451514/2023-07/2023-07-14/2023-07-14-23934.png,Commonwealth Bank of Australia,Case
Facebook,apwg451514/2023-07/2023-07-14/2023-07-14-24368.png,Commonwealth Bank of Australia,Case
Facebook,apwg451514/2023-07/2023-07-14/2023-07-14-25116.png,Commonwealth Bank of Australia,Case
Facebook,apwg451514/2023-07/2023-07-14/2023-07-14-25573.png,Commonwealth Bank of Australia,Case
Facebook,apwg451514/2023-07/2023-07-14/2023-07-14-25684.png,Commonwealth Bank of Australia,Case
Facebook,apwg451514/2023-07/2023-07-14/2023-07-14-26928.png,Commonwealth Bank of Australia,Case
Facebook,apwg451514/2023-07/2023-07-14/2023-07-14-27041.png,Commonwealth Bank of Australia,Case
Facebook,apwg451514/2023-07/2023-07-14/2023-07-14-27141.png,Commonwealth Bank of Australia,Case
Facebook,apwg451514/2023-07/2023-07-14/2023-07-14-27973.png,Commonwealth Bank of Australia,Case
Facebook,apwg451514/2023-07/2023-07-14/2023-07-14-28027.png,Commonwealth Bank of Australia,Case
Facebook,apwg451514/2023-07/2023-07-14/2023-07-14-28084.png,Commonwealth Bank of Australia,Case
Facebook,apwg451514/2023-07/2023-07-14/2023-07-14-28284.png,Commonwealth Bank of Australia,Case
Facebook,apwg451514/2023-07/2023-07-14/2023-07-14-29533.png,Commonwealth Bank of Australia,Case
Facebook,apwg451514/2023-07/2023-07-14/2023-07-14-30017.png,Commonwealth Bank of Australia,Case
Facebook,apwg451514/2023-07/2023-07-14/2023-07-14-31126.png,Commonwealth Bank of Australia,Case
Facebook,apwg451514/2023-07/2023-07-14/2023-07-14-31773.png,Commonwealth Bank of Australia,Case
Facebook,apwg451514/2023-07/2023-07-14/2023-07-14-32597.png,Commonwealth Bank of Australia,Case
Facebook,apwg451514/2023-07/2023-07-14/2023-07-14-33585.png,Commonwealth Bank of Australia,Case
Facebook,apwg451514/2023-07/2023-07-14/2023-07-14-33727.png,Commonwealth Bank of Australia,Case
Facebook,apwg451514/2023-07/2023-07-14/2023-07-14-34078.png,Commonwealth Bank of Australia,Case
Facebook,apwg451514/2023-07/2023-07-27/2023-07-27-34498.png,1&1 Ionos,Color
Facebook,apwg451514/2023-07/2023-07-27/2023-07-27-35210.png,1&1 Ionos,Color
Facebook,apwg451514/2023-07/2023-07-27/2023-07-27-35578.png,LinkedIn Corporation,Combination
Facebook,apwg451514/2023-07/2023-07-27/2023-07-27-36812.png,1&1 Ionos,Color
Facebook,apwg451514/2023-07/2023-07-27/2023-07-27-36919.png,1&1 Ionos,Color
Facebook,apwg451514/2023-07/2023-07-12/2023-07-12-37477.png,postbank,AddText
Facebook,apwg451514/2023-07/2023-07-12/2023-07-12-37491.png,postbank,AddText
Facebook,apwg451514/2023-07/2023-07-12/2023-07-12-37702.png,postbank,AddText
Facebook,apwg451514/2023-07/2023-07-12/2023-07-12-37814.png,postbank,AddText
Facebook,apwg451514/2023-07/2023-07-12/2023-07-12-38424.png,postbank,AddText
Facebook,apwg451514/2023-07/2023-07-12/2023-07-12-39276.png,DHL,AddText
Facebook,apwg451514/2023-07/2023-07-12/2023-07-12-39325.png,postbank,AddText
Facebook,apwg451514/2023-07/2023-07-12/2023-07-12-39444.png,postbank,AddText
Facebook,apwg451514/2023-07/2023-07-12/2023-07-12-39883.png,postbank,AddText
Facebook,apwg451514/2023-07/2023-07-12/2023-07-12-40041.png,DHL,AddText
Facebook,apwg451514/2023-07/2023-07-12/2023-07-12-40113.png,postbank,AddText
Facebook,apwg451514/2023-07/2023-07-12/2023-07-12-40386.png,Government of Canada,AddText
Facebook,apwg451514/2023-07/2023-07-12/2023-07-12-41495.png,postbank,AddText
Facebook,apwg451514/2023-07/2023-07-12/2023-07-12-41807.png,Government of Canada,AddText
Facebook,apwg451514/2023-07/2023-07-09/2023-07-09-47551.png,LinkedIn Corporation,Combination
Facebook,apwg451514/2023-07/2023-07-09/2023-07-09-47902.png,LinkedIn Corporation,Combination
Facebook,apwg451514/2023-07/2023-07-09/2023-07-09-48128.png,LinkedIn Corporation,Combination
Facebook,apwg451514/2023-07/2023-07-13/2023-07-13-49709.png,Maersk,Shape
Facebook,apwg451514/2023-07/2023-07-13/2023-07-13-50015.png,Government of Canada,AddText
Facebook,apwg451514/2023-07/2023-07-13/2023-07-13-50167.png,Maersk,Shape
Facebook,apwg451514/2023-07/2023-07-13/2023-07-13-50321.png,Maersk,Shape
Facebook,apwg451514/2023-07/2023-07-13/2023-07-13-55283.png,Maersk,Shape
Facebook,apwg451514/2023-07/2023-07-13/2023-07-13-55654.png,Maersk,Shape
Facebook,apwg451514/2023-07/2023-07-13/2023-07-13-56267.png,Maersk,Shape
Facebook,apwg451514/2023-07/2023-07-13/2023-07-13-56761.png,LinkedIn Corporation,Combination
Facebook,apwg451514/2023-07/2023-07-23/2023-07-23-63431.png,Commonwealth Bank of Australia,ScreenshotBackground
Facebook,apwg451514/2023-07/2023-07-28/2023-07-28-69324.png,1&1 Ionos,Color
Facebook,apwg451514/2023-07/2023-07-25/2023-07-25-71638.png,Maersk,Shape
Facebook,apwg451514/2023-07/2023-07-25/2023-07-25-71836.png,Maersk,Shape
Facebook,apwg451514/2023-07/2023-07-25/2023-07-25-72319.png,1&1 Ionos,Color
Facebook,apwg451514/2023-07/2023-07-25/2023-07-25-72403.png,Maersk,Shape
Facebook,apwg451514/2023-07/2023-07-25/2023-07-25-72430.png,Commonwealth Bank of Australia,ScreenshotBackground
Facebook,apwg451514/2023-07/2023-07-25/2023-07-25-72816.png,1&1 Ionos,Color
Facebook,apwg451514/2023-07/2023-07-25/2023-07-25-73666.png,1&1 Ionos,Color
Facebook,apwg451514/2023-07/2023-07-05/2023-07-05-74961.png,"Twitter, Inc",Combination
Facebook,apwg451514/2023-07/2023-07-29/2023-07-29-78616.png,1&1 Ionos,Color
Facebook,apwg451514/2023-07/2023-07-29/2023-07-29-79892.png,1&1 Ionos,Color
Facebook,apwg451514/2023-07/2023-07-29/2023-07-29-80432.png,Facebook,TextAsLogo
Facebook,apwg451514/2023-07/2023-07-29/2023-07-29-80953.png,1&1 Ionos,Color
Facebook,apwg451514/2023-07/2023-07-29/2023-07-29-81664.png,1&1 Ionos,Color
Facebook,apwg451514/2023-07/2023-07-15/2023-07-15-85577.png,Commonwealth Bank of Australia,Case
Facebook,apwg451514/2023-07/2023-07-15/2023-07-15-86945.png,Commonwealth Bank of Australia,Case
Facebook,apwg451514/2023-07/2023-07-15/2023-07-15-88224.png,Maersk,Shape
Facebook,apwg451514/2023-07/2023-07-18/2023-07-18-89742.png,Maersk,Shape
Facebook,apwg451514/2023-07/2023-07-18/2023-07-18-90773.png,Maersk,Shape
Facebook,apwg451514/2023-07/2023-07-16/2023-07-16-93149.png,LinkedIn Corporation,Combination
Facebook,apwg451514/2023-07/2023-07-16/2023-07-16-93592.png,LinkedIn Corporation,Combination
Facebook,apwg451514/2023-07/2023-07-16/2023-07-16-93593.png,Maersk,Shape
Instagram,apwg451514/2023-07/2023-07-04/2023-07-04-95146.png,Westpac Institutional Banking,0
AT&T,apwg451514/2023-07/2023-07-06/2023-07-06-96783.png,AT&T,Combination
Facebook,apwg451514/2023-07/2023-07-30/2023-07-30-103773.png,Maersk,Shape
Facebook,apwg451514/2023-07/2023-07-07/2023-07-07-105962.png,Uber,Combination
Facebook,apwg451514/2023-07/2023-07-07/2023-07-07-107869.png,Uber,Combination
Credit Agricole,apwg451514/2023-07/2023-07-07/2023-07-07-108846.png,DGI (French Tax Authority),Outdated
Facebook,apwg451514/2023-07/2023-07-07/2023-07-07-108936.png,Uber,Combination
Facebook,apwg451514/2023-07/2023-07-03/2023-07-03-115073.png,Wells Fargo & Company,AddText
Facebook,apwg451514/2023-07/2023-07-11/2023-07-11-117135.png,postbank,AddText
Facebook,apwg451514/2023-07/2023-07-11/2023-07-11-117680.png,postbank,AddText
Facebook,apwg451514/2023-07/2023-07-11/2023-07-11-117725.png,postbank,AddText
Facebook,apwg451514/2023-07/2023-07-11/2023-07-11-117962.png,postbank,AddText
Facebook,apwg451514/2023-07/2023-07-24/2023-07-24-119051.png,Commonwealth Bank of Australia,Case
Facebook,apwg451514/2023-07/2023-07-24/2023-07-24-119069.png,Commonwealth Bank of Australia,Case
Facebook,apwg451514/2023-07/2023-07-24/2023-07-24-119137.png,Commonwealth Bank of Australia,Case
Facebook,apwg451514/2023-07/2023-07-24/2023-07-24-119225.png,Commonwealth Bank of Australia,ScreenshotBackground
Facebook,apwg451514/2023-07/2023-07-24/2023-07-24-119467.png,Commonwealth Bank of Australia,ScreenshotBackground
Facebook,apwg451514/2023-07/2023-07-24/2023-07-24-119662.png,Commonwealth Bank of Australia,Case
Facebook,apwg451514/2023-07/2023-07-24/2023-07-24-119686.png,Commonwealth Bank of Australia,Case
Facebook,apwg451514/2023-07/2023-07-24/2023-07-24-120134.png,Commonwealth Bank of Australia,ScreenshotBackground
Facebook,apwg451514/2023-07/2023-07-24/2023-07-24-120306.png,Commonwealth Bank of Australia,ScreenshotBackground
Facebook,apwg451514/2023-07/2023-07-24/2023-07-24-120499.png,Commonwealth Bank of Australia,ScreenshotBackground
Facebook,apwg451514/2023-07/2023-07-24/2023-07-24-120592.png,Commonwealth Bank of Australia,Case
Facebook,apwg451514/2023-07/2023-07-24/2023-07-24-120698.png,Commonwealth Bank of Australia,Case
Facebook,apwg451514/2023-07/2023-07-24/2023-07-24-120906.png,Commonwealth Bank of Australia,Case
Facebook,apwg451514/2023-07/2023-07-24/2023-07-24-120988.png,Commonwealth Bank of Australia,Case
Facebook,apwg451514/2023-07/2023-07-24/2023-07-24-121027.png,Commonwealth Bank of Australia,Case
Facebook,apwg451514/2023-07/2023-07-24/2023-07-24-121058.png,Commonwealth Bank of Australia,ScreenshotBackground
Facebook,apwg451514/2023-07/2023-07-24/2023-07-24-121117.png,Commonwealth Bank of Australia,ScreenshotBackground
Facebook,apwg451514/2023-07/2023-07-24/2023-07-24-121434.png,Commonwealth Bank of Australia,Case
Facebook,apwg451514/2023-07/2023-07-24/2023-07-24-121474.png,Commonwealth Bank of Australia,Case
Facebook,apwg451514/2023-07/2023-07-24/2023-07-24-121800.png,Commonwealth Bank of Australia,Case
Facebook,apwg451514/2023-07/2023-07-24/2023-07-24-121831.png,Commonwealth Bank of Australia,Case
Facebook,apwg451514/2023-07/2023-07-24/2023-07-24-122063.png,Commonwealth Bank of Australia,Case
Facebook,apwg451514/2023-07/2023-07-24/2023-07-24-122178.png,Commonwealth Bank of Australia,ScreenshotBackground
Facebook,apwg451514/2023-07/2023-07-24/2023-07-24-122394.png,Commonwealth Bank of Australia,ScreenshotBackground
Facebook,apwg451514/2023-07/2023-07-24/2023-07-24-122441.png,Commonwealth Bank of Australia,Case
