filename,manipulation,true_brand,pred_brand
2021-07_1046.png,Background,Chase Bank,
2021-07_2072.png,0,Credit Agricole,
2021-07_3324.png,0,PayPal,
2021-07_16335.png,0,Apple,
2021-07_21092.png,Outdated,DHL,
2021-08_3462.png,Ratio or Scale,eBay,
2021-08_10892.png,Color,Timeweb,
2021-08_29500.png,Color,Timeweb,
2021-08_30040.png,Color,Timeweb,
2021-08_47634.png,0,Credit Agricole,
2021-08_52926.png,Combination,Facebook,
2021-09_2309.png,0,Itau,
2021-09_8302.png,0,Adobe,
2021-09_9794.png,Color,Adobe,
2021-09_13964.png,Outdated,DHL,
2021-09_14601.png,Location,WhatsApp,
2021-09_15016.png,Location,WhatsApp,
2021-09_16967.png,Location,WhatsApp,
2021-09_20363.png,Popup,Caisses Desjardins,
2021-09_21387.png,Popup,Caisses Desjardins,
2021-09_22510.png,Background,GoDaddy,
2021-09_22808.png,0,Itau,
2021-09_24440.png,0,Itau,
2021-09_25102.png,0,Itau,
2021-09_30684.png,Color,Facebook,
2021-09_33175.png,0,Itau,
2021-09_36972.png,Popup,Caisses Desjardins,
2021-09_37991.png,Popup,Caisses Desjardins,
2021-10_2596.png,0,Amazon,
2021-10_35983.png,0,DHL,
2021-10_45409.png,Color,Facebook,
2021-10_46867.png,0,DHL,
2021-10_55451.png,0,Sumitomo Mitsui Banking Corporation,
2021-10_65107.png,0,Amazon,
2021-10_144518.png,0,Webmail,
2021-10_145879.png,0,Sumitomo Mitsui Banking Corporation,
2021-10_149981.png,Background,Chase Bank,
2021-10_150349.png,0,Credit Agricole,
2021-10_225810.png,0,Apple,
2021-10_227088.png,Background,Chase Bank,
2021-11_30981.png,Outdated,Microsoft Bing,
2021-11_32199.png,0,YouTube,
2021-11_32884.png,0,PayPal,
2021-11_34311.png,Outdated,Microsoft Bing,
2021-11_36534.png,Outdated,Microsoft Bing,
2021-11_90454.png,0,Santander Bank,
2021-11_91526.png,0,Santander Bank,
2021-11_91887.png,0,Microsoft Bing,
2021-11_92671.png,0,YouTube,
2021-11_95076.png,0,YouTube,
2021-11_95660.png,0,YouTube,
2021-11_95780.png,0,YouTube,
2021-11_96064.png,0,YouTube,
2021-11_96190.png,Outdated,Microsoft Bing,
2021-11_96509.png,0,YouTube,
2021-11_97173.png,0,YouTube,
2021-11_97643.png,Outdated,Microsoft Bing,
2021-11_97699.png,0,YouTube,
2021-11_97961.png,0,YouTube,
2021-11_98232.png,0,Raiffeisen Bank,
2021-11_99357.png,0,Orange,
2021-11_99721.png,0,Orange,
2021-11_99832.png,Background,Chase Bank,
2021-11_100977.png,0,DHL,
2021-11_101030.png,0,Raiffeisen Bank,
2021-11_101857.png,0,Orange,
2021-11_101982.png,0,Orange,
2021-11_102262.png,0,Orange,
2021-11_102778.png,0,DHL,
2021-11_105718.png,0,Sumitomo Mitsui Banking Corporation,
2021-11_112619.png,0,DHL,
2021-11_137149.png,0,Raiffeisen Bank,
2021-11_137626.png,0,Raiffeisen Bank,
2021-11_139169.png,0,Raiffeisen Bank,
2021-11_139286.png,0,Raiffeisen Bank,
2021-11_140104.png,0,Raiffeisen Bank,
2021-11_140870.png,0,Raiffeisen Bank,
2021-11_149438.png,0,Raiffeisen Bank,
2021-11_149584.png,0,Raiffeisen Bank,
2021-11_151087.png,Outdated,Microsoft Bing,
2021-11_151273.png,0,Raiffeisen Bank,
2021-11_151556.png,0,Raiffeisen Bank,
2021-11_152468.png,0,Raiffeisen Bank,
2021-11_153566.png,0,Raiffeisen Bank,
2021-11_153973.png,Popup,Banco do Brasil,
2021-11_155445.png,0,Orange,
2021-11_162166.png,0,YouTube,
2021-11_162216.png,0,YouTube,
2021-11_163148.png,0,YouTube,
2021-11_163526.png,AddTextClose,Societe Generale Group,
2021-11_164517.png,0,YouTube,
2021-11_165742.png,0,YouTube,
2021-11_166607.png,0,YouTube,
2021-11_167017.png,0,YouTube,
2021-11_168888.png,0,YouTube,
2021-11_170412.png,0,YouTube,
2021-11_170918.png,0,Wells Fargo Bank,
2021-11_171416.png,Outdated,Microsoft Bing,
2021-11_172744.png,Outdated,Microsoft Bing,
2021-11_175766.png,Outdated,Microsoft Bing,
2021-11_176290.png,Outdated,Microsoft Bing,
2021-11_176942.png,0,Orange,
2021-11_184901.png,0,Raiffeisen Bank,
2021-11_186125.png,0,LinkedIn,
2021-11_186186.png,0,Raiffeisen Bank,
2021-12_5155.png,Background,GoDaddy,
2022-01_4487.png,0,Apple,
2022-01_9525.png,Color,Adobe,
2022-01_10686.png,Combination,Facebook,
2022-01_17720.png,Background,LinkedIn,
2022-01_20455.png,Color,Adobe,
2022-01_22867.png,0,Adobe,
2022-01_27084.png,0,Adobe,
2022-01_27578.png,0,PayPal,
2022-01_35710.png,Deletion,Facebook,
2022-02_2904.png,0,Facebook,
2022-02_17279.png,TextAsLogo,Swisscom AG,
2022-02_18521.png,Background,Chase Bank,
2022-02_19653.png,Color,Facebook,
2022-02_20729.png,0,WhatsApp,
2022-02_23378.png,Deletion,Facebook,
2022-02_23874.png,Background,GoDaddy,
2022-02_24295.png,Background,GoDaddy,
2022-02_30826.png,0,Facebook,
2022-03_5333.png,Background,GoDaddy,
2022-03_8442.png,0,Facebook,
2022-03_19827.png,0,Orange,
2022-03_25434.png,Location,Instagram,
2022-03_29438.png,Location,Instagram,
2022-03_30043.png,0,Instagram,
2022-03_30717.png,Location,Instagram,
2022-03_31154.png,0,Facebook,
2022-03_35436.png,Outdated,Microsoft Bing,
2022-03_35834.png,Background,GoDaddy,
2022-03_39888.png,Background,GoDaddy,
2022-03_41401.png,Background,GoDaddy,
2022-03_44379.png,Background,GoDaddy,
2022-03_54764.png,Background,GoDaddy,
2022-03_56499.png,Color,Swisscom AG,
2022-03_57148.png,0,Facebook,
2022-03_59821.png,Font,Instagram,
2022-03_60127.png,Font,Instagram,
2022-03_60380.png,Location,Instagram,
2022-03_60839.png,0,WhatsApp,
2022-03_79992.png,0,Credit Agricole,
2022-03_81079.png,Combination,Instagram,
2022-03_83022.png,Font,Instagram,
2022-03_84027.png,Font,Instagram,
2022-03_88109.png,Color,Facebook,
2022-03_91512.png,Font,Instagram,
2022-04_24099.png,0,PayPal,
2022-04_54516.png,0,PayPal,
2022-04_60144.png,Popup,International Card Services,
2022-04_66180.png,Font,Instagram,
2022-04_73730.png,0,PayPal,
2022-04_74562.png,0,PayPal,
2022-04_74679.png,0,PayPal,
2022-04_75395.png,0,PayPal,
2022-04_76063.png,0,GoDaddy,
2022-04_175658.png,Location,WhatsApp,
2022-04_180762.png,Background,GoDaddy,
2022-04_183887.png,Background,GoDaddy,
2022-04_184462.png,0,GoDaddy,
2022-04_186817.png,0,Facebook,
2022-04_232420.png,0,DHL,
2022-04_295532.png,Combination,Facebook,
2022-04_299193.png,Outdated,Microsoft Bing,
2022-04_300972.png,Outdated,Microsoft Bing,
2022-04_302406.png,Outdated,Microsoft Bing,
2022-04_305374.png,Outdated,Microsoft Bing,
2022-04_306538.png,Outdated,Microsoft Bing,
2022-04_308699.png,Outdated,Microsoft Bing,
2022-04_311885.png,Outdated,Microsoft Bing,
2022-04_314697.png,Outdated,Microsoft Bing,
2022-04_315821.png,Outdated,Microsoft Bing,
2022-04_319659.png,Outdated,Microsoft Bing,
2022-04_321356.png,Outdated,Microsoft Bing,
2022-04_323027.png,Outdated,Microsoft Bing,
2022-04_326718.png,Outdated,Microsoft Bing,
2022-04_328370.png,Division,Walmart,
2022-04_369276.png,0,PayPal,
2022-04_381465.png,0,PayPal,
2022-04_382249.png,0,Facebook,
2022-04_382774.png,0,PayPal,
2022-04_386380.png,0,BT Group,
2022-04_387932.png,Outdated,Microsoft Bing,
2022-04_389345.png,Outdated,Microsoft Bing,
2022-04_390248.png,Outdated,Microsoft Bing,
2022-04_393972.png,0,Alaska USA Federal Credit Union,
2022-04_441513.png,0,Google,
2022-04_446520.png,0,Sumitomo Mitsui Banking Corporation,
2022-04_448157.png,TextAsLogo,Facebook,
2022-04_455071.png,Division,Walmart,
2022-04_459168.png,Division,Walmart,
2022-04_467957.png,Location,Instagram,
2022-04_471201.png,Division,Walmart,
2022-04_477356.png,Division,Walmart,
2022-04_488331.png,Division,Walmart,
2022-04_489074.png,Division,Walmart,
2022-04_523721.png,0,PayPal,
2022-04_535961.png,0,PayPal,
2022-04_537869.png,0,PayPal,
2022-05_7765.png,Deletion,Naver Corporation,
2022-05_10320.png,0,Nedbank,
2022-05_15178.png,Deletion,Facebook,
2022-05_16490.png,Deletion,Naver Corporation,
2022-05_16616.png,Deletion,Naver Corporation,
2022-05_23726.png,Ratio or Scale,Facebook,
2022-05_25197.png,Ratio or Scale,Facebook,
2022-05_31064.png,Ratio or Scale,Facebook,
2022-05_33294.png,Popup,International Card Services,
2022-05_34194.png,0,Magazine Luiza,
2022-05_40790.png,Popup,International Card Services,
2022-05_45543.png,Popup,International Card Services,
2022-05_46185.png,Popup,ING Group,
2022-05_49804.png,Color,Facebook,
2022-05_50875.png,0,Facebook,
2022-05_51155.png,Color,Facebook,
2022-05_54336.png,Background,Chase Bank,
2022-05_56342.png,Combination,Facebook,
2022-05_58938.png,Combination,Facebook,
2022-05_60153.png,Deletion,Facebook,
2022-05_62609.png,0,OneDrive,
2022-05_65843.png,Combination,Facebook,
2022-05_67029.png,0,Facebook,
2022-05_78810.png,Combination,Facebook,
2022-05_79303.png,Combination,Facebook,
2022-05_85157.png,Background,GoDaddy,
2022-05_89287.png,0,Facebook,
2022-05_92622.png,Location,Instagram,
2022-05_97609.png,Location,Instagram,
2022-05_107823.png,Color,Facebook,
2022-05_108319.png,Popup,ING Group,
2022-05_112040.png,Color,Facebook,
2022-05_114196.png,Location,Instagram,
2022-05_126481.png,Popup,DHL,
2022-05_144248.png,Font,Instagram,
2022-05_185150.png,0,eBay,
2022-05_202009.png,Color,Facebook,
2022-05_218944.png,0,AT&T,
2022-06_2572.png,Popup,DHL,
2022-06_2652.png,0,eBay,
2022-06_8356.png,Popup,DHL,
2022-06_8556.png,Outdated,Microsoft Bing,
2022-06_8726.png,Deletion,Credit Agricole,
2022-06_11133.png,Popup,DHL,
2022-06_12091.png,Outdated,Microsoft Bing,
2022-06_14332.png,Popup,DHL,
2022-06_24146.png,Outdated,Wells Fargo Bank,
2022-06_101479.png,Color,Facebook,
2022-06_144136.png,0,Facebook,
2022-06_147422.png,Combination,Facebook,
2022-06_213499.png,Combination,Facebook,
2022-06_229415.png,Combination,Facebook,
2022-06_256475.png,Popup,DHL,
2022-06_279835.png,Outdated,Wells Fargo Bank,
2022-06_292550.png,0,DHL,
2022-06_304076.png,Color,Facebook,
2022-06_385478.png,0,Caisses Desjardins,
2022-06_388589.png,Combination,Facebook,
2022-06_492523.png,0,DHL,
2022-06_497541.png,Outdated,Microsoft Bing,
2022-06_499951.png,Popup,DHL,
2022-06_500434.png,Popup,DHL,
2022-06_552085.png,Color,Facebook,
2022-06_554238.png,Deletion,Facebook,
2022-06_565389.png,Popup,DHL,
2022-06_595601.png,Combination,Facebook,
2022-06_654117.png,Combination,Facebook,
2022-07_783.png,Combination,Facebook,
2022-07_972.png,Combination,Facebook,
2022-07_10767.png,Outdated,Wells Fargo Bank,
2022-07_12117.png,Location,Instagram,
2022-07_18676.png,Location,Instagram,
2022-07_20044.png,Location,Instagram,
2022-07_23688.png,Deletion,Facebook,
2022-07_24175.png,Deletion,Facebook,
2022-07_24227.png,0,Alaska USA Federal Credit Union,
2022-07_24546.png,Deletion,Facebook,
2022-07_62718.png,0,Alaska USA Federal Credit Union,
2022-07_66187.png,Location,Facebook,
2022-07_67533.png,Combination,Facebook,
2022-07_85970.png,Color,Facebook,
2022-07_87215.png,0,Facebook,
2022-07_87463.png,0,Facebook,
2022-07_88524.png,0,Facebook,
2022-07_88926.png,0,Facebook,
2022-07_98071.png,Background,Chase Bank,
2022-07_104112.png,Color,Facebook,
2022-07_110597.png,Combination,Facebook,
2022-07_113793.png,0,Facebook,
2022-07_114001.png,0,Alaska USA Federal Credit Union,
2022-07_119153.png,0,Facebook,
2022-08_1244.png,Outdated,Microsoft Bing,
2022-08_2611.png,Outdated,Microsoft Bing,
2022-08_3807.png,Outdated,Microsoft Bing,
2022-08_6971.png,Outdated,Microsoft Bing,
2022-08_8636.png,Outdated,Microsoft Bing,
2022-08_9589.png,0,DHL,
2022-08_9685.png,Popup,DHL,
2022-08_10108.png,Popup,DHL,
2022-08_19110.png,Deletion,Facebook,
2022-08_28351.png,Deletion,Facebook,
2022-08_45056.png,Location,Facebook,
2022-08_45899.png,0,Facebook,
2022-08_48592.png,Outdated,Microsoft Bing,
2022-08_48616.png,Outdated,Microsoft Bing,
2022-08_48745.png,Outdated,Microsoft Bing,
2022-08_49212.png,Combination,Facebook,
2022-08_49330.png,Outdated,Microsoft Bing,
2022-08_49786.png,Outdated,Microsoft Bing,
2022-08_49825.png,Outdated,Microsoft Bing,
2022-08_50124.png,0,Adobe,
2022-08_50246.png,0,DHL,
2022-08_50869.png,Outdated,Microsoft Bing,
2022-08_51734.png,Outdated,Microsoft Bing,
2022-08_52082.png,Outdated,Microsoft Bing,
2022-08_52149.png,Outdated,Microsoft Bing,
2022-08_52169.png,0,Facebook,
2022-08_52992.png,0,DHL,
2022-08_54207.png,Outdated,Microsoft Bing,
2022-08_54289.png,0,DHL,
2022-08_54603.png,Combination,Facebook,
2022-08_55001.png,Outdated,Microsoft Bing,
2022-08_55159.png,Outdated,Microsoft Bing,
2022-08_70220.png,AddTextClose,Apple,
2022-08_111889.png,0,DHL,
2022-08_112188.png,Location,Facebook,
2022-08_113387.png,Outdated,Microsoft Bing,
2022-08_113968.png,0,DHL,
2022-08_114541.png,Popup,DHL,
2022-08_115664.png,Popup,DHL,
2022-08_116532.png,Popup,DHL,
2022-08_118250.png,Popup,DHL,
2022-08_120440.png,Outdated,Microsoft Bing,
2022-08_121443.png,Popup,DHL,
2022-08_127208.png,0,Alaska USA Federal Credit Union,
2022-08_131337.png,0,DHL,
2022-08_142775.png,0,Alaska USA Federal Credit Union,
2022-08_206694.png,Color,Facebook,
2022-08_214341.png,0,OneDrive,
2022-08_317681.png,Deletion,Facebook,
2022-08_322693.png,TextAsLogo,Facebook,
2022-08_324477.png,TextAsLogo,Facebook,
2022-08_333855.png,0,DHL,
2022-08_370118.png,Combination,Facebook,
2022-08_385647.png,Color,Facebook,
2022-08_389005.png,Outdated,Microsoft Bing,
2022-08_394374.png,Outdated,Microsoft Bing,
2022-08_395213.png,Outdated,Microsoft Bing,
2022-08_396520.png,Outdated,Microsoft Bing,
2022-08_397213.png,Popup,DHL,
2022-08_397397.png,Outdated,Microsoft Bing,
2022-08_398046.png,Outdated,Microsoft Bing,
2022-08_398675.png,Outdated,Microsoft Bing,
2022-08_399967.png,Outdated,Microsoft Bing,
2022-08_401252.png,Outdated,Microsoft Bing,
2022-08_401967.png,Outdated,Microsoft Bing,
2022-08_403652.png,Outdated,Microsoft Bing,
2022-08_410896.png,Background,Netflix,
2022-08_420224.png,Combination,Facebook,
2022-08_455133.png,Combination,Facebook,
2022-08_468160.png,Popup,DHL,
2022-08_473512.png,Font,Credit Suisse Group AG,
2022-08_473596.png,Popup,DHL,
2022-08_473672.png,Deletion,Facebook,
2022-08_476842.png,Popup,DHL,
2022-09_4816.png,0,DHL,
2022-09_9224.png,0,Facebook,
2022-09_11324.png,Color,Facebook,
2022-09_18793.png,0,DHL,
2022-09_18946.png,0,DHL,
2022-09_20291.png,0,DHL,
2022-09_20427.png,0,DHL,
2022-09_21644.png,0,DHL,
2022-09_41774.png,0,DHL,
2022-09_47534.png,0,DHL,
2022-09_51498.png,Combination,Facebook,
2022-09_51852.png,Combination,Facebook,
2022-09_54461.png,0,DHL,
2022-09_54518.png,Combination,Facebook,
2022-09_54661.png,0,DHL,
2022-09_54839.png,0,DHL,
2022-09_58101.png,Color,Facebook,
2022-09_59656.png,0,DHL,
2022-09_62774.png,0,DHL,
2022-09_63750.png,0,DHL,
2022-09_63832.png,0,DHL,
2022-09_83826.png,Color,Facebook,
2022-09_85525.png,0,DHL,
2022-09_86935.png,Outdated,Microsoft Bing,
2022-09_87520.png,0,DHL,
2022-09_87598.png,0,DHL,
2022-09_89794.png,0,DHL,
2022-09_90388.png,0,DHL,
2022-09_90994.png,0,DHL,
2022-09_91956.png,Popup,DHL,
2022-09_93806.png,Popup,DHL,
2022-09_94042.png,0,DHL,
2022-09_94253.png,0,DHL,
2022-09_94598.png,0,DHL,
2022-09_94860.png,Popup,DHL,
2022-09_97262.png,0,DHL,
2022-09_100480.png,0,DHL,
2022-09_102305.png,0,DHL,
2022-09_104065.png,0,DHL,
2022-09_105514.png,0,DHL,
2022-09_108087.png,Combination,Facebook,
2022-09_110417.png,0,Facebook,
2022-09_112378.png,Combination,Facebook,
2022-09_113054.png,Combination,Facebook,
2022-09_115471.png,0,DHL,
2022-09_130555.png,0,Internal Revenue Service,
2022-09_134293.png,Location,Instagram,
2022-09_139374.png,0,DHL,
2022-09_143548.png,0,DHL,
2022-09_148878.png,Background,GoDaddy,
2022-09_152721.png,Combination,Facebook,
2022-09_156930.png,0,DHL,
2022-09_161169.png,0,DHL,
2022-09_162774.png,0,DHL,
2022-09_165831.png,0,DHL,
2022-09_171197.png,0,DHL,
2022-09_174895.png,0,DHL,
2022-09_182513.png,0,DHL,
2022-09_191421.png,0,DHL,
2022-09_195752.png,0,DHL,
2022-09_200898.png,0,DHL,
2022-09_202949.png,Color,Facebook,
2022-09_209524.png,0,DHL,
2022-09_219572.png,0,Rabobank,
2022-09_220876.png,0,Facebook,
2022-09_229389.png,0,DHL,
2022-09_232213.png,0,DHL,
2022-09_233962.png,0,DHL,
2022-09_234155.png,Outdated,Microsoft Bing,
2022-09_235766.png,Outdated,Microsoft Bing,
2022-09_238039.png,Popup,DHL,
2022-09_238294.png,Popup,DHL,
2022-09_239608.png,Outdated,Microsoft Bing,
2022-09_239719.png,Popup,DHL,
2022-09_239783.png,Outdated,Microsoft Bing,
2022-09_239909.png,Outdated,Microsoft Bing,
2022-09_244937.png,Outdated,Microsoft Bing,
2022-09_244995.png,Outdated,DHL,
2022-09_245486.png,Popup,DHL,
2022-09_248147.png,Outdated,Microsoft Bing,
2022-09_249464.png,0,DHL,
2022-09_249907.png,Outdated,Microsoft Bing,
2022-09_250008.png,Popup,DHL,
2022-10_5587.png,Popup,ING Group,
2022-10_11943.png,0,DHL,
2022-10_14885.png,0,DHL,
2022-10_15094.png,Popup,ING Group,
2022-10_17965.png,0,DHL,
2022-10_19810.png,Popup,ING Group,
2022-10_20125.png,0,DHL,
2022-10_127447.png,0,DHL,
2022-10_158653.png,0,DHL,
2022-10_162823.png,0,DHL,
2022-10_163200.png,0,DHL,
2022-10_167529.png,0,Nedbank,
2022-10_167838.png,Popup,ING Group,
2022-10_168640.png,0,DHL,
2022-10_168717.png,0,DHL,
2022-10_169186.png,0,DHL,
2022-10_182416.png,Popup,ING Group,
2022-10_188582.png,Color,Facebook,
2022-10_237070.png,Combination,Facebook,
2022-10_251618.png,0,DHL,
2022-10_266523.png,0,DHL,
2022-10_287593.png,0,DHL,
2022-10_320591.png,0,DHL,
2022-10_325711.png,0,DHL,
2022-10_361066.png,Deletion,Facebook,
2022-10_444020.png,0,DHL,
2022-10_445563.png,Outdated,Microsoft Bing,
2022-10_445785.png,Outdated,Microsoft Bing,
2022-10_446103.png,0,DHL,
2022-10_446888.png,Deletion,Microsoft Bing,
2022-10_446979.png,0,DHL,
2022-10_446995.png,0,DHL,
2022-10_448128.png,Popup,ING Group,
2022-10_448468.png,Outdated,Microsoft Bing,
2022-10_448520.png,Deletion,Microsoft Bing,
2022-10_449531.png,Outdated,Microsoft Bing,
2022-10_458504.png,Deletion,Facebook,
2022-10_471012.png,Deletion,Facebook,
2022-10_476664.png,0,DHL,
2022-10_483294.png,Deletion,DHL,
2022-10_485124.png,0,DHL,
2022-10_488979.png,0,DHL,
2022-10_490961.png,0,DHL,
2022-10_494281.png,0,DHL,
2022-10_501694.png,0,DHL,
2022-10_503174.png,0,DHL,
2022-10_509975.png,Popup,DHL,
2022-10_510894.png,0,DHL,
2022-10_519276.png,Combination,Facebook,
2022-10_524824.png,0,DHL,
2022-10_529032.png,0,DHL,
2022-10_529215.png,0,DHL,
2022-10_529868.png,Outdated,Microsoft Bing,
2022-10_531248.png,0,DHL,
2022-10_533508.png,0,DHL,
2022-10_535827.png,0,DHL,
2022-10_536009.png,0,DHL,
2022-10_536673.png,0,DHL,
2022-10_538575.png,Ratio or Scale,Facebook,
2022-10_538712.png,0,DHL,
2022-10_539414.png,Ratio or Scale,Facebook,
2022-10_539629.png,Outdated,Microsoft Bing,
2022-10_540533.png,0,DHL,
2022-10_540585.png,Popup,DHL,
2022-10_541388.png,Ratio or Scale,Facebook,
2022-10_542254.png,Outdated,Microsoft Bing,
2022-10_544716.png,Outdated,Microsoft Bing,
2022-10_545451.png,0,DHL,
2022-10_546804.png,Deletion,Microsoft Bing,
2022-10_635871.png,Background,Netflix,
2022-10_788799.png,Popup,ING Group,
2022-10_911991.png,0,DHL,
2022-10_917439.png,0,DHL,
2022-10_920326.png,0,Orange,
2022-10_926579.png,Deletion,Facebook,
2022-10_928011.png,0,DHL,
2022-10_956192.png,Combination,Facebook,
2022-10_967864.png,0,DHL,
2022-10_971544.png,Outdated,Microsoft Bing,
2022-10_995008.png,0,WeTransfer,
2022-10_1014878.png,0,DHL,
2022-10_1016808.png,0,DHL,
2022-10_1023760.png,0,DHL,
2022-10_1026386.png,0,DHL,
2022-10_1032640.png,0,DHL,
2022-10_1039106.png,0,DHL,
2022-10_1068937.png,Combination,Facebook,
2022-10_1081692.png,Combination,Facebook,
2022-10_1132605.png,Combination,Facebook,
2022-10_1150600.png,0,DHL,
2022-10_1234781.png,Popup,ING Group,
2022-10_1251105.png,Outdated,Microsoft Bing,
2022-10_1251365.png,Outdated,Microsoft Bing,
2022-10_1251673.png,0,DHL,
2022-10_1252126.png,0,DHL,
2022-10_1252262.png,Outdated,Microsoft Bing,
2022-10_1252352.png,0,DHL,
2022-10_1252417.png,0,DHL,
2022-10_1252828.png,0,DHL,
2022-10_1254274.png,Outdated,Microsoft Bing,
2022-10_1254369.png,0,DHL,
2022-10_1254675.png,0,Commonwealth Bank of Australia,
2022-10_1256938.png,0,DHL,
2022-10_1258501.png,Deletion,Microsoft Bing,
2022-10_1258548.png,Outdated,Microsoft Bing,
2022-10_1258960.png,Deletion,Microsoft Bing,
2022-10_1260564.png,Outdated,Microsoft Bing,
2022-10_1260673.png,0,DHL,
2022-10_1260749.png,Deletion,Microsoft Bing,
2022-10_1261780.png,0,DHL,
2022-10_1312432.png,0,DHL,
2022-10_1331481.png,Outdated,Microsoft Bing,
2022-10_1332102.png,0,DHL,
2022-10_1334348.png,Outdated,Microsoft Bing,
2022-10_1334507.png,Outdated,Microsoft Bing,
2022-10_1335161.png,0,DHL,
2022-10_1338522.png,0,DHL,
2022-10_1338781.png,0,DHL,
2022-10_1341331.png,0,DHL,
2022-11_214.png,0,DHL,
2022-11_743.png,0,DHL,
2022-11_1921.png,0,DHL,
2022-11_2919.png,0,DHL,
2022-11_3355.png,0,DHL,
2022-11_5510.png,0,DHL,
2022-11_7553.png,Background,GoDaddy,
2022-11_9438.png,0,BT Group,
2022-11_9863.png,0,DHL,
2022-11_16974.png,0,DHL,
2022-11_17287.png,0,DHL,
2022-11_17969.png,0,DHL,
2022-11_19287.png,0,DHL,
2022-11_20029.png,0,DHL,
2022-11_26379.png,0,DHL,
2022-11_33719.png,0,DHL,
2022-11_42269.png,0,Commonwealth Bank of Australia,
2022-11_57377.png,0,DHL,
2022-11_59278.png,0,DHL,
2022-11_62070.png,0,DHL,
2022-11_63583.png,0,DHL,
2022-11_65219.png,0,DHL,
2022-11_67723.png,0,DHL,
2022-11_73878.png,0,DHL,
2022-11_83982.png,0,DHL,
2022-11_85656.png,Deletion,Microsoft Bing,
2022-11_85951.png,Outdated,Microsoft Bing,
2022-11_88189.png,Deletion,Microsoft Bing,
2022-11_91159.png,0,DHL,
2022-11_91722.png,Deletion,Microsoft Bing,
2022-11_93049.png,0,DHL,
2022-11_100358.png,0,DHL,
2022-11_105240.png,0,DHL,
2022-11_118681.png,0,DHL,
2022-11_119920.png,0,DHL,
2022-11_120321.png,0,DHL,
2022-11_121018.png,0,DHL,
2022-11_121981.png,0,DHL,
2022-11_122783.png,0,DHL,
2022-11_123986.png,0,DHL,
2022-11_124912.png,0,DHL,
2022-11_127150.png,0,DHL,
2022-11_129588.png,0,DHL,
2022-11_137037.png,0,DHL,
2022-11_164878.png,0,DHL,
2022-11_171639.png,0,International Card Services,
2022-11_181151.png,0,DHL,
2022-11_181893.png,0,DHL,
2022-11_187783.png,0,DHL,
2022-11_189596.png,Outdated,Microsoft Bing,
2022-11_191419.png,0,Nedbank,
2022-11_192395.png,Popup,DHL,
2022-11_199371.png,Font,Credit Suisse Group AG,
2022-11_200348.png,0,DHL,
2022-11_212636.png,0,DHL,
2022-11_215442.png,0,DHL,
2022-11_219411.png,0,DHL,
2022-11_223289.png,0,DHL,
2022-11_230830.png,0,DHL,
2022-11_236680.png,0,DHL,
2022-11_240764.png,0,DHL,
2022-11_242598.png,0,DHL,
2022-11_246107.png,0,Itau,
2022-11_247380.png,0,DHL,
2022-11_247883.png,0,DHL,
2022-11_248034.png,0,eBay,
2022-11_251615.png,0,DHL,
2022-11_252524.png,0,DHL,
2022-11_253537.png,0,DHL,
2022-11_254020.png,0,DHL,
2022-11_254499.png,0,DHL,
2022-11_258593.png,0,DHL,
2022-11_259141.png,0,DHL,
2022-11_259860.png,0,DHL,
2022-11_261551.png,0,BT Group,
2022-11_262573.png,0,DHL,
2022-11_263148.png,0,DHL,
2022-12_3.png,Popup,DHL,
2022-12_43.png,0,DHL,
2022-12_1688.png,Outdated,Microsoft Bing,
2022-12_2251.png,0,Facebook,
2022-12_2791.png,0,DHL,
2022-12_3108.png,0,DHL,
2022-12_4479.png,Location,Instagram,
2022-12_5365.png,Combination,Facebook,
2022-12_10695.png,Combination,Facebook,
2022-12_11330.png,Combination,Facebook,
2022-12_12236.png,Deletion,DHL,
2022-12_13603.png,0,Microsoft Bing,
2022-12_14441.png,Combination,Facebook,
2022-12_19092.png,Location,WhatsApp,
2022-12_20917.png,Combination,Facebook,
2022-12_34626.png,0,DHL,
2022-12_39089.png,Outdated,Microsoft Bing,
2022-12_43338.png,Outdated,Microsoft Bing,
2022-12_52795.png,Location,Instagram,
2022-12_53406.png,0,DHL,
2022-12_56359.png,Deletion,Microsoft Bing,
2022-12_58896.png,Deletion,Microsoft Bing,
2022-12_60935.png,Outdated,Microsoft Bing,
2022-12_62265.png,Deletion,Facebook,
2022-12_62947.png,Deletion,Microsoft Bing,
2022-12_63702.png,0,Facebook,
2022-12_63798.png,Location,WhatsApp,
2022-12_64943.png,0,Facebook,
2022-12_68423.png,0,DHL,
2022-12_81570.png,Outdated,Microsoft Bing,
2022-12_84096.png,0,DHL,
2022-12_86157.png,Location,Instagram,
2022-12_94262.png,0,DHL,
2022-12_98762.png,0,DHL,
2022-12_98869.png,0,DHL,
2022-12_99548.png,0,Facebook,
2022-12_105147.png,Outdated,Microsoft Bing,
2022-12_105429.png,0,Facebook,
2022-12_107090.png,BrokenLogo,DHL,
2022-12_107244.png,0,Facebook,
2022-12_107892.png,Outdated,Microsoft Bing,
2022-12_139514.png,Outdated,Microsoft Bing,
2022-12_141722.png,Outdated,Microsoft Bing,
2022-12_145660.png,0,Facebook,
2022-12_148675.png,0,DHL,
2022-12_149146.png,0,DHL,
2022-12_149437.png,0,DHL,
2022-12_149469.png,0,DHL,
2022-12_151661.png,Deletion,Facebook,
2022-12_155110.png,0,Steam,
2022-12_155369.png,0,DHL,
2022-12_159990.png,Outdated,Microsoft Bing,
2022-12_160219.png,0,DHL,
2022-12_164597.png,0,Commonwealth Bank of Australia,
2022-12_166463.png,Outdated,Microsoft Bing,
2022-12_167721.png,0,DHL,
2022-12_168242.png,Outdated,Microsoft Bing,
2022-12_180545.png,0,DHL,
2022-12_181653.png,Deletion,Microsoft Bing,
2022-12_195057.png,0,DHL,
2022-12_204425.png,Color,Facebook,
2022-12_204489.png,Location,WhatsApp,
2022-12_207575.png,0,Facebook,
2022-12_208964.png,Deletion,Microsoft Bing,
2022-12_209603.png,Color,Facebook,
2022-12_211914.png,0,DHL,
2022-12_214349.png,0,Facebook,
2022-12_227222.png,0,Apple,
2022-12_229773.png,0,DHL,
2022-12_234702.png,0,DHL,
2022-12_237370.png,0,DHL,
2022-12_243746.png,0,DHL,
2022-12_245648.png,Font,Credit Suisse Group AG,
2022-12_248042.png,Outdated,Microsoft Bing,
2022-12_251620.png,Combination,Facebook,
2022-12_251937.png,Combination,Facebook,
2022-12_255620.png,0,DHL,
2022-12_258826.png,Combination,Facebook,
2022-12_264583.png,0,DHL,
2022-12_266845.png,0,DHL,
2022-12_273321.png,0,DHL,
2022-12_283972.png,Outdated,Microsoft Bing,
2022-12_287810.png,0,DHL,
2022-12_289211.png,Outdated,Microsoft Bing,
2022-12_291362.png,Popup,ING Group,
2022-12_297115.png,Popup,ING Group,
2022-12_304269.png,0,Facebook,
2022-12_309686.png,Outdated,Microsoft Bing,
2022-12_333406.png,Combination,Facebook,
2022-12_333481.png,0,DHL,
2022-12_334097.png,Outdated,Microsoft Bing,
2022-12_338758.png,Outdated,Microsoft Bing,
2022-12_342086.png,0,eBay,
2022-12_352683.png,Combination,Facebook,
2022-12_354044.png,Location,WhatsApp,
2023-01_2008.png,Combination,Facebook,
2023-01_9628.png,0,Facebook,
2023-01_10679.png,0,DHL,
2023-01_12932.png,Outdated,Microsoft Bing,
2023-01_13259.png,0,DHL,
2023-01_13312.png,0,DHL,
2023-01_14707.png,Popup,DHL,
2023-01_16492.png,0,Facebook,
2023-01_19162.png,Combination,Facebook,
2023-01_21247.png,Popup,DHL,
2023-01_21661.png,Popup,DHL,
2023-01_22402.png,0,AT&T,
2023-01_22765.png,0,DHL,
2023-01_54272.png,Location,WhatsApp,
2023-01_59707.png,0,Facebook,
2023-01_60301.png,Color,Facebook,
2023-01_63343.png,Popup,DHL,
2023-01_75942.png,Popup,DHL,
2023-01_76125.png,Location,WhatsApp,
2023-01_76261.png,Popup,DHL,
2023-01_77039.png,0,DHL,
2023-01_78290.png,Popup,DHL,
2023-01_79877.png,Popup,DHL,
2023-01_83054.png,Outdated,Microsoft Bing,
2023-01_86591.png,Outdated,Microsoft Bing,
2023-01_88235.png,0,DHL,
2023-01_92801.png,Outdated,La Banque Postale,
2023-01_93029.png,0,Microsoft Bing,
2023-01_94992.png,0,DHL,
2023-01_95546.png,Outdated,Microsoft Bing,
2023-01_100020.png,Outdated,Microsoft Bing,
2023-01_109271.png,0,DHL,
2023-01_112627.png,0,Nedbank,
2023-01_117026.png,0,DHL,
2023-01_117333.png,0,DHL,
2023-01_117894.png,Popup,DHL,
2023-01_118862.png,Outdated,Microsoft Bing,
2023-01_124597.png,0,DHL,
2023-01_130476.png,Outdated,Microsoft Bing,
2023-01_130644.png,Outdated,Microsoft Bing,
2023-01_132194.png,Combination,Facebook,
2023-01_133928.png,0,DHL,
2023-01_135365.png,Location,Instagram,
2023-01_135619.png,0,DHL,
2023-01_138167.png,Outdated,Microsoft Bing,
2023-01_138481.png,Outdated,Microsoft Bing,
2023-01_139453.png,Outdated,Microsoft Bing,
2023-01_146647.png,0,Apple,
2023-01_148926.png,0,Microsoft Bing,
2023-01_159134.png,0,Apple,
2023-01_164947.png,Outdated,Microsoft Bing,
2023-01_175061.png,0,Apple,
2023-01_182103.png,Combination,Facebook,
2023-01_200798.png,Combination,Facebook,
2023-01_217246.png,0,International Card Services,
2023-01_223485.png,0,DHL,
2023-01_244892.png,Outdated,Microsoft Bing,
2023-01_245209.png,Outdated,Microsoft Bing,
2023-01_246337.png,Outdated,Microsoft Bing,
2023-01_250237.png,0,DHL,
2023-01_251430.png,0,DHL,
2023-01_254115.png,Outdated,Microsoft Bing,
2023-01_256193.png,Outdated,Microsoft Bing,
2023-01_281742.png,0,DHL,
2023-01_282550.png,0,DHL,
2023-01_288038.png,0,DHL,
2023-01_290144.png,0,DHL,
2023-01_291221.png,0,DHL,
2023-01_292320.png,0,DHL,
2023-02_1755.png,Outdated,Microsoft Bing,
2023-02_3743.png,Outdated,Microsoft Bing,
2023-02_5153.png,Outdated,Microsoft Bing,
2023-02_6613.png,Deletion,Facebook,
2023-02_10423.png,Case,Facebook,
2023-02_10561.png,0,Facebook,
2023-02_11625.png,Outdated,Microsoft Bing,
2023-02_12174.png,Outdated,Microsoft Bing,
2023-02_14858.png,Outdated,Microsoft Bing,
2023-02_15327.png,0,DHL,
2023-02_17329.png,Outdated,Microsoft Bing,
2023-02_18686.png,Outdated,Microsoft Bing,
2023-02_18901.png,Outdated,Microsoft Bing,
2023-02_19126.png,0,Facebook,
2023-02_19440.png,Color,Facebook,
2023-02_19771.png,Deletion,Facebook,
2023-02_20115.png,Deletion,Facebook,
2023-02_26869.png,0,DHL,
2023-02_27119.png,Location,WhatsApp,
2023-02_33593.png,Combination,Facebook,
2023-02_34013.png,0,DHL,
2023-02_34920.png,Combination,Facebook,
2023-02_46327.png,Location,Instagram,
2023-02_47574.png,Location,Instagram,
2023-02_49114.png,Outdated,Microsoft Bing,
2023-02_51200.png,Outdated,Microsoft Bing,
2023-02_61030.png,Outdated,Microsoft Bing,
2023-02_64807.png,Outdated,Microsoft Bing,
2023-02_74990.png,Outdated,Microsoft Bing,
2023-02_79565.png,Outdated,Microsoft Bing,
2023-02_80247.png,Location,WhatsApp,
2023-02_84738.png,Color,Swisscom AG,
2023-02_92240.png,Outdated,Microsoft Bing,
2023-02_100838.png,Color,Facebook,
2023-02_103203.png,0,Facebook,
2023-02_107594.png,Outdated,Microsoft Bing,
2023-02_110848.png,Outdated,Microsoft Bing,
2023-02_110853.png,0,Internal Revenue Service,
2023-02_113232.png,Outdated,Microsoft Bing,
2023-02_126971.png,0,DHL,
2023-02_134191.png,0,eBay,
2023-02_149766.png,0,Microsoft Bing,
2023-02_150924.png,Outdated,Microsoft Bing,
2023-03_787.png,Color,Facebook,
2023-03_1958.png,Color,Facebook,
2023-03_5083.png,Color,Facebook,
2023-03_13129.png,Combination,Facebook,
2023-03_13667.png,Color,Facebook,
2023-03_18777.png,Color,Facebook,
2023-03_34414.png,Ratio or Scale,Facebook,
2023-04_1763.png,Location,Apple,
2023-04_17772.png,ScreenshotBackground,Facebook,
2023-04_18007.png,ScreenshotBackground,Facebook,
2023-04_22665.png,Location,WhatsApp,
2023-04_29074.png,0,eBay,
2023-04_44931.png,0,DHL,
2023-04_70400.png,Deletion,Facebook,
2023-04_79689.png,Color,Facebook,
2023-04_83478.png,Location,WhatsApp,
2023-04_84396.png,Location,WhatsApp,
2023-04_84511.png,Location,WhatsApp,
2023-05_4968.png,Outdated,"Rakuten Group, Inc.",
2023-05_10200.png,Color,Facebook,
2023-05_20169.png,Combination,Facebook,
2023-05_21917.png,AddText,Facebook,
2023-05_21983.png,AddText,Facebook,
2023-05_22746.png,AddText,Facebook,
2023-05_22769.png,AddText,Facebook,
2023-05_23482.png,AddText,Facebook,
2023-05_23896.png,AddText,Facebook,
2023-05_24720.png,AddText,Facebook,
2023-05_26532.png,Color,Facebook,
2023-05_55521.png,Background,GoDaddy,
2023-05_60741.png,Location,WhatsApp,
2023-05_63275.png,Location,WhatsApp,
2023-05_67012.png,Location,Instagram,
2023-05_70358.png,1,AT&T,
2023-05_79767.png,Popup,Facebook,
2023-05_112583.png,ScreenshotBackground,Facebook,
2023-05_115139.png,ScreenshotBackground,Facebook,
2023-05_115935.png,ScreenshotBackground,Facebook,
2023-05_117376.png,ScreenshotBackground,Facebook,
2023-05_119614.png,ScreenshotBackground,Facebook,
2023-05_128762.png,ScreenshotBackground,Facebook,
2023-05_129620.png,ScreenshotBackground,Facebook,
2023-05_129784.png,ScreenshotBackground,Facebook,
2023-05_130606.png,ScreenshotBackground,Facebook,
2023-05_132046.png,ScreenshotBackground,Facebook,
2023-05_134225.png,ScreenshotBackground,Facebook,
2023-05_139065.png,Color,Facebook,
2023-06_17987.png,AddText,Facebook,
2023-06_18283.png,AddText,Facebook,
2023-06_19934.png,AddText,Facebook,
2023-06_20082.png,AddText,Facebook,
2023-06_20285.png,AddText,Facebook,
2023-06_20444.png,AddText,Facebook,
2023-06_21530.png,AddText,Facebook,
2023-06_22203.png,AddText,Facebook,
2023-06_23417.png,AddText,Facebook,
2023-06_23474.png,AddText,Facebook,
2023-06_24501.png,AddText,Facebook,
2023-06_26106.png,AddText,Facebook,
2023-06_26228.png,AddText,Facebook,
2023-06_26548.png,AddText,Facebook,
2023-06_26851.png,AddText,Facebook,
2023-06_27389.png,AddText,Facebook,
2023-06_28970.png,AddText,Facebook,
2023-06_29348.png,AddText,Facebook,
2023-06_29554.png,AddText,Facebook,
2023-06_29621.png,AddText,Facebook,
2023-06_29752.png,AddText,Facebook,
2023-06_31580.png,Color,Facebook,
2023-06_38655.png,0,Apple,
2023-06_48881.png,TextAsLogo,Facebook,
2023-06_60392.png,ScreenshotBackground,Facebook,
2023-06_62286.png,ScreenshotBackground,Facebook,
2023-06_62834.png,ScreenshotBackground,Facebook,
2023-06_64733.png,ScreenshotBackground,Facebook,
2023-06_83677.png,0,Facebook,
2023-06_92420.png,Outdated,AT&T,
2023-06_97908.png,Shape,Facebook,
2023-06_98148.png,0,Sumitomo Mitsui Banking Corporation,
2023-06_98668.png,0,Sumitomo Mitsui Banking Corporation,
2023-06_100340.png,0,Sumitomo Mitsui Banking Corporation,
2023-06_101457.png,0,Sumitomo Mitsui Banking Corporation,
2023-06_104028.png,0,Sumitomo Mitsui Banking Corporation,
2023-06_105375.png,0,Sumitomo Mitsui Banking Corporation,
2023-06_105582.png,0,Sumitomo Mitsui Banking Corporation,
2023-06_106080.png,0,Sumitomo Mitsui Banking Corporation,
2023-06_107897.png,0,Sumitomo Mitsui Banking Corporation,
2023-06_109935.png,0,Sumitomo Mitsui Banking Corporation,
2023-06_111508.png,0,Sumitomo Mitsui Banking Corporation,
2023-06_111808.png,0,Sumitomo Mitsui Banking Corporation,
2023-06_112490.png,0,Sumitomo Mitsui Banking Corporation,
2023-06_114261.png,Deletion,Facebook,
2023-06_119697.png,0,Facebook,
2023-06_123743.png,AddText,Facebook,
2023-06_125378.png,AddText,Facebook,
2023-06_126562.png,AddText,Facebook,
2023-06_126582.png,0,Orange,
2023-06_129215.png,AddText,Facebook,
2023-06_130418.png,Location,WhatsApp,
2023-06_136633.png,AddText,Facebook,
2023-06_151089.png,0,Facebook,
2023-06_174938.png,AddText,Facebook,
2023-06_176899.png,ScreenshotBackground,Facebook,
2023-06_182117.png,Location,WhatsApp,
2023-06_182860.png,ScreenshotBackground,Facebook,
2023-06_183910.png,ScreenshotBackground,Facebook,
2023-06_186094.png,ScreenshotBackground,Facebook,
2023-06_186712.png,AddText,Facebook,
2023-07_2273.png,Color,Facebook,
2023-07_17447.png,0,Microsoft 365,
2023-07_22895.png,Case,Facebook,
2023-07_25155.png,Case,Facebook,
2023-07_26964.png,Deletion,Facebook,
2023-07_28289.png,Case,Facebook,
2023-07_29129.png,Case,Facebook,
2023-07_29544.png,Case,Facebook,
2023-07_29835.png,Case,Facebook,
2023-07_30920.png,Combination,Facebook,
2023-07_34083.png,Case,Facebook,
2023-07_34627.png,Color,Facebook,
2023-07_34938.png,Color,Facebook,
2023-07_36552.png,0,Facebook,
2023-07_37244.png,Color,Facebook,
2023-07_37500.png,AddText,Facebook,
2023-07_45754.png,Color,Facebook,
2023-07_52604.png,Shape,Facebook,
2023-07_58735.png,Combination,Facebook,
2023-07_62233.png,Combination,Facebook,
2023-07_67451.png,0,Sumitomo Mitsui Banking Corporation,
2023-07_71379.png,ScreenshotBackground,Facebook,
2023-07_72816.png,Color,Facebook,
2023-07_73768.png,Color,Facebook,
2023-07_86590.png,Case,Facebook,
2023-07_86615.png,0,Facebook,
2023-07_93222.png,Combination,Facebook,
2023-07_93385.png,Combination,Facebook,
2023-07_94279.png,Combination,Facebook,
2023-07_97288.png,ScreenshotBackground,Facebook,
2023-07_101519.png,Shape,Facebook,
2023-07_102839.png,Color,Facebook,
2023-07_106523.png,Combination,Facebook,
2023-07_119057.png,0,DHL,
2023-07_119199.png,ScreenshotBackground,Facebook,
2023-07_119899.png,ScreenshotBackground,Facebook,
2023-07_120063.png,ScreenshotBackground,Facebook,
2023-07_122109.png,ScreenshotBackground,Facebook,
2023-07_122426.png,ScreenshotBackground,Facebook,
